dataset,kind,type_a,type_b,p_room,p_plan,n_plans_both,mean_edges
CubiCasa5k,wall,living_room,living_room,0.08887454271573057,0.639871382636656,311,0.03490086842536457
CubiCasa5k,wall,living_room,kitchen,0.6856036152356358,0.7839818089944416,3958,0.5267901032279207
CubiCasa5k,wall,kitchen,living_room,0.6761558219178082,0.7839818089944416,3958,0.5267901032279207
CubiCasa5k,wall,living_room,bedroom,0.5627286421347105,0.7069832402234637,3580,0.5538259872194002
CubiCasa5k,wall,bedroom,living_room,0.35382818307316555,0.7069832402234637,3580,0.5538259872194002
CubiCasa5k,wall,living_room,bathroom,0.3905745642349903,0.45463944171620574,3869,0.33114861543503193
CubiCasa5k,wall,bathroom,living_room,0.26147992652847024,0.45463944171620574,3869,0.33114861543503193
CubiCasa5k,wall,living_room,balcony,0.332902948138584,0.8594563331405437,1729,0.25954448631820415
CubiCasa5k,wall,balcony,living_room,0.6254545454545455,0.8594563331405437,1729,0.25954448631820415
CubiCasa5k,wall,living_room,hallway,0.6754895631590273,0.8566166052706149,3529,0.5469441258397509
CubiCasa5k,wall,hallway,living_room,0.5315359477124183,0.8566166052706149,3529,0.5469441258397509
CubiCasa5k,wall,living_room,dining_room,0.18442005595007532,0.9127589967284624,917,0.1407504505980665
CubiCasa5k,wall,dining_room,living_room,0.8738366080661841,0.9127589967284624,917,0.1407504505980665
CubiCasa5k,wall,living_room,study,0.018506563374219926,0.5704697986577181,149,0.01441913812878912
CubiCasa5k,wall,study,living_room,0.40654205607476634,0.5704697986577181,149,0.01441913812878912
CubiCasa5k,wall,living_room,storage,0.05379814934366258,0.16560509554140126,1413,0.04817302965754547
CubiCasa5k,wall,storage,living_room,0.1125098347757671,0.16560509554140126,1413,0.04817302965754547
CubiCasa5k,wall,living_room,garage,0.018936948568969228,0.15480427046263345,562,0.014582991971161724
CubiCasa5k,wall,garage,living_room,0.12772133526850507,0.15480427046263345,562,0.014582991971161724
CubiCasa5k,wall,living_room,laundry,0.06735528297826555,0.3149522799575822,943,0.05177781418974275
CubiCasa5k,wall,laundry,living_room,0.2702222222222222,0.3149522799575822,943,0.05177781418974275
CubiCasa5k,wall,living_room,closet,0.17473638906821606,0.38309178743961353,2070,0.13796493527773226
CubiCasa5k,wall,closet,living_room,0.26745675848814865,0.38309178743961353,2070,0.13796493527773226
CubiCasa5k,wall,living_room,outdoor,0.37271357865289434,0.583130857341201,2881,0.2932983778469605
CubiCasa5k,wall,outdoor,living_room,0.32312799704905937,0.583130857341201,2881,0.2932983778469605
CubiCasa5k,wall,living_room,other,0.4790187217559716,0.5932867132867133,3575,0.4823857119449451
CubiCasa5k,wall,other,living_room,0.23256001940021018,0.5932867132867133,3575,0.4823857119449451
CubiCasa5k,wall,kitchen,kitchen,0.05179794520547945,0.7048192771084337,166,0.02031787645420285
CubiCasa5k,wall,kitchen,bedroom,0.3764982876712329,0.46021220159151194,3770,0.3280353924299525
CubiCasa5k,wall,bedroom,kitchen,0.2114261442072847,0.46021220159151194,3770,0.3280353924299525
CubiCasa5k,wall,kitchen,bathroom,0.4597602739726027,0.5148148148148148,4050,0.38948058331967883
CubiCasa5k,wall,bathroom,kitchen,0.3081868276043033,0.5148148148148148,4050,0.38948058331967883
CubiCasa5k,wall,kitchen,balcony,0.09332191780821918,0.24513172966781213,1746,0.07242339832869081
CubiCasa5k,wall,balcony,kitchen,0.17737373737373738,0.24513172966781213,1746,0.07242339832869081
CubiCasa5k,wall,kitchen,hallway,0.6519691780821918,0.7973698336017176,3726,0.583319678846469
CubiCasa5k,wall,hallway,kitchen,0.5733660130718954,0.7973698336017176,3726,0.583319678846469
CubiCasa5k,wall,kitchen,dining_room,0.19648972602739725,0.9638297872340426,940,0.15058168114042275
CubiCasa5k,wall,dining_room,kitchen,0.9441571871768356,0.9638297872340426,940,0.15058168114042275
CubiCasa5k,wall,kitchen,study,0.007063356164383561,0.2357142857142857,140,0.00540717679829592
CubiCasa5k,wall,study,kitchen,0.1542056074766355,0.2357142857142857,140,0.00540717679829592
CubiCasa5k,wall,kitchen,storage,0.03210616438356165,0.11061618411284335,1347,0.026380468621989187
CubiCasa5k,wall,storage,kitchen,0.06294256490952006,0.11061618411284335,1347,0.026380468621989187
CubiCasa5k,wall,kitchen,garage,0.00898972602739726,0.07854406130268199,522,0.006881861379649353
CubiCasa5k,wall,garage,kitchen,0.06095791001451379,0.07854406130268199,522,0.006881861379649353
CubiCasa5k,wall,kitchen,laundry,0.0958904109589041,0.49550561797752807,890,0.07373422906767163
CubiCasa5k,wall,laundry,kitchen,0.3982222222222222,0.49550561797752807,890,0.07373422906767163
CubiCasa5k,wall,kitchen,closet,0.09653253424657535,0.21172480620155038,2064,0.07602818286088808
CubiCasa5k,wall,closet,kitchen,0.1447789878283152,0.21172480620155038,2064,0.07602818286088808
CubiCasa5k,wall,kitchen,outdoor,0.15303938356164384,0.2337706020854356,2973,0.1220711125675897
CubiCasa5k,wall,outdoor,kitchen,0.13611213574326816,0.2337706020854356,2973,0.1220711125675897
CubiCasa5k,wall,kitchen,other,0.4550513698630137,0.5619253650621958,3698,0.4787809274127478
CubiCasa5k,wall,other,kitchen,0.23401503516288094,0.5619253650621958,3698,0.4787809274127478
CubiCasa5k,wall,bedroom,bedroom,0.45598385897844323,0.6205722070844687,2936,0.39898410617728985
CubiCasa5k,wall,bedroom,bathroom,0.36115535733248383,0.6065965583173997,4184,0.5880714402752745
CubiCasa5k,wall,bathroom,bedroom,0.4080293886119129,0.6065965583173997,4184,0.5880714402752745
CubiCasa5k,wall,bedroom,balcony,0.10459806732505043,0.43810032017075773,1874,0.1631984270031132
CubiCasa5k,wall,balcony,bedroom,0.34626262626262627,0.43810032017075773,1874,0.1631984270031132
CubiCasa5k,wall,bedroom,hallway,0.5695019645322289,0.8286180631120783,3676,1.050794691135507
CubiCasa5k,wall,hallway,bedroom,0.64640522875817,0.8286180631120783,3676,1.050794691135507
CubiCasa5k,wall,bedroom,dining_room,0.02293724115960497,0.24525916561314792,791,0.035720137637227596
CubiCasa5k,wall,dining_room,bedroom,0.20268872802481902,0.24525916561314792,791,0.035720137637227596
CubiCasa5k,wall,bedroom,study,0.009875756610385472,0.5777777777777777,135,0.015238407340652139
CubiCasa5k,wall,study,bedroom,0.3691588785046729,0.5777777777777777,135,0.015238407340652139
CubiCasa5k,wall,bedroom,storage,0.06477646808962514,0.38049143708116157,1343,0.11142061281337047
CubiCasa5k,wall,storage,bedroom,0.24468922108575925,0.38049143708116157,1343,0.11142061281337047
CubiCasa5k,wall,bedroom,garage,0.02792821493044494,0.38671875,512,0.043093560543994755
CubiCasa5k,wall,garage,bedroom,0.29027576197387517,0.38671875,512,0.043093560543994755
CubiCasa5k,wall,bedroom,laundry,0.044281618349792926,0.3954741379310345,928,0.06865475995412093
CubiCasa5k,wall,laundry,bedroom,0.33066666666666666,0.3954741379310345,928,0.06865475995412093
CubiCasa5k,wall,bedroom,closet,0.25496442603801633,0.7935014963659683,2339,0.42143208258233655
CubiCasa5k,wall,closet,bedroom,0.6806534272901986,0.7935014963659683,2339,0.42143208258233655
CubiCasa5k,wall,bedroom,outdoor,0.13496867367526813,0.37298245614035086,2850,0.2116991643454039
CubiCasa5k,wall,outdoor,bedroom,0.21283659166359278,0.37298245614035086,2850,0.2116991643454039
CubiCasa5k,wall,bedroom,other,0.39481788255283,0.6435719784449576,3897,0.7897755202359495
CubiCasa5k,wall,other,bedroom,0.3045024654433756,0.6435719784449576,3897,0.7897755202359495
CubiCasa5k,wall,bathroom,bathroom,0.24389923904487013,0.413391557496361,2061,0.1669670653776831
CubiCasa5k,wall,bathroom,balcony,0.02847021779060614,0.09729187562688064,1994,0.035720137637227596
CubiCasa5k,wall,balcony,bathroom,0.08202020202020202,0.09729187562688064,1994,0.035720137637227596
CubiCasa5k,wall,bathroom,hallway,0.5844922592495408,0.9118306351183063,4015,0.8253318040308045
CubiCasa5k,wall,hallway,bathroom,0.7053921568627451,0.9118306351183063,4015,0.8253318040308045
CubiCasa5k,wall,bathroom,dining_room,0.020598268171083706,0.1670428893905192,886,0.02572505325249877
CubiCasa5k,wall,dining_room,bathroom,0.15305067218200621,0.1670428893905192,886,0.02572505325249877
CubiCasa5k,wall,bathroom,study,0.011151928627656783,0.4166666666666667,180,0.013927576601671309
CubiCasa5k,wall,study,bathroom,0.35046728971962615,0.4166666666666667,180,0.013927576601671309
CubiCasa5k,wall,bathroom,storage,0.07688270795066912,0.3209331651954603,1586,0.10273635916762248
CubiCasa5k,wall,storage,bathroom,0.22895357985837922,0.3209331651954603,1586,0.10273635916762248
CubiCasa5k,wall,bathroom,garage,0.01784308580425085,0.1986644407345576,599,0.022284122562674095
CubiCasa5k,wall,garage,bathroom,0.1741654571843251,0.1986644407345576,599,0.022284122562674095
CubiCasa5k,wall,bathroom,laundry,0.14563106796116504,0.8546511627906976,1032,0.18335244961494346
CubiCasa5k,wall,laundry,bathroom,0.7964444444444444,0.8546511627906976,1032,0.18335244961494346
CubiCasa5k,wall,bathroom,closet,0.21923379690369982,0.5825649622799665,2386,0.2837948549893495
CubiCasa5k,wall,closet,bathroom,0.4929532351057015,0.5825649622799665,2386,0.2837948549893495
CubiCasa5k,wall,bathroom,outdoor,0.07320913146155865,0.15636128196827453,3089,0.09274127478289367
CubiCasa5k,wall,outdoor,bathroom,0.0983032091479159,0.15636128196827453,3089,0.09274127478289367
CubiCasa5k,wall,bathroom,other,0.6001049593282602,0.8928571428571429,4116,0.951663116500082
CubiCasa5k,wall,other,bathroom,0.41370948185272005,0.8928571428571429,4116,0.951663116500082
CubiCasa5k,wall,balcony,balcony,0.06505050505050505,0.33617021276595743,235,0.013436015074553498
CubiCasa5k,wall,balcony,hallway,0.10868686868686869,0.13806172171088252,1847,0.045879075864329016
CubiCasa5k,wall,hallway,balcony,0.04493464052287582,0.13806172171088252,1847,0.045879075864329016
CubiCasa5k,wall,balcony,dining_room,0.09252525252525252,0.4888392857142857,448,0.03752252990332623
CubiCasa5k,wall,dining_room,balcony,0.2295760082730093,0.4888392857142857,448,0.03752252990332623
CubiCasa5k,wall,balcony,study,0.009292929292929294,0.2987012987012987,77,0.0037686383745698837
CubiCasa5k,wall,study,balcony,0.10747663551401869,0.2987012987012987,77,0.0037686383745698837
CubiCasa5k,wall,balcony,storage,0.05494949494949495,0.22056384742951907,603,0.023594953301654925
CubiCasa5k,wall,storage,balcony,0.05664830841856806,0.22056384742951907,603,0.023594953301654925
CubiCasa5k,wall,balcony,garage,0.008484848484848486,0.0958904109589041,219,0.00360478453219728
CubiCasa5k,wall,garage,balcony,0.03193033381712627,0.0958904109589041,219,0.00360478453219728
CubiCasa5k,wall,balcony,laundry,0.06464646464646465,0.3019230769230769,520,0.026216614779616582
CubiCasa5k,wall,laundry,balcony,0.14044444444444446,0.3019230769230769,520,0.026216614779616582
CubiCasa5k,wall,balcony,closet,0.03474747474747475,0.08481262327416174,1014,0.01441913812878912
CubiCasa5k,wall,closet,balcony,0.028187059577194105,0.08481262327416174,1014,0.01441913812878912
CubiCasa5k,wall,balcony,outdoor,0.06101010101010101,0.15833333333333333,840,0.027527445518597413
CubiCasa5k,wall,outdoor,balcony,0.029140538546661748,0.15833333333333333,840,0.027527445518597413
CubiCasa5k,wall,balcony,other,0.14545454545454545,0.19750283768444948,1762,0.07029329837784697
CubiCasa5k,wall,other,balcony,0.03395036779565112,0.19750283768444948,1762,0.07029329837784697
CubiCasa5k,wall,hallway,hallway,0.5065359477124183,0.9521683673469388,1568,0.2621661477961658
CubiCasa5k,wall,hallway,dining_room,0.060294117647058824,0.3814553990610329,852,0.06046206783549074
CubiCasa5k,wall,dining_room,hallway,0.33712512926577043,0.3814553990610329,852,0.06046206783549074
CubiCasa5k,wall,hallway,study,0.016013071895424835,0.5,164,0.017860068818613798
CubiCasa5k,wall,study,hallway,0.4439252336448598,0.5,164,0.017860068818613798
CubiCasa5k,wall,hallway,storage,0.06388888888888888,0.22795115332428764,1474,0.07357037522529904
CubiCasa5k,wall,storage,hallway,0.16247049567269867,0.22795115332428764,1474,0.07357037522529904
CubiCasa5k,wall,hallway,garage,0.014869281045751633,0.13321492007104796,563,0.01491069965590693
CubiCasa5k,wall,garage,hallway,0.11030478955007257,0.13321492007104796,563,0.01491069965590693
CubiCasa5k,wall,hallway,laundry,0.09493464052287581,0.5376016260162602,984,0.09601835163034574
CubiCasa5k,wall,laundry,hallway,0.48088888888888887,0.5376016260162602,984,0.09601835163034574
CubiCasa5k,wall,hallway,closet,0.19852941176470587,0.5370370370370371,2052,0.21530394887760118
CubiCasa5k,wall,closet,hallway,0.39109545163356824,0.5370370370370371,2052,0.21530394887760118
CubiCasa5k,wall,hallway,outdoor,0.32189542483660133,0.6718863801893663,2746,0.32606914632148126
CubiCasa5k,wall,outdoor,hallway,0.35780154924382146,0.6718863801893663,2746,0.32606914632148126
CubiCasa5k,wall,hallway,other,0.39281045751633986,0.5905308464849355,3485,0.5489103719482222
CubiCasa5k,wall,other,hallway,0.24856519278958855,0.5905308464849355,3485,0.5489103719482222
CubiCasa5k,wall,dining_room,dining_room,0.008273009307135471,0.3333333333333333,12,0.0006554153694904145
CubiCasa5k,wall,dining_room,study,0.008273009307135471,0.12121212121212122,66,0.0014746845813534328
CubiCasa5k,wall,study,dining_room,0.04205607476635514,0.12121212121212122,66,0.0014746845813534328
CubiCasa5k,wall,dining_room,storage,0.01964839710444674,0.045454545454545456,418,0.003113223005079469
CubiCasa5k,wall,storage,dining_room,0.007474429583005508,0.045454545454545456,418,0.003113223005079469
CubiCasa5k,wall,dining_room,garage,0.0062047569803516025,0.03636363636363636,165,0.0009831230542356219
CubiCasa5k,wall,garage,dining_room,0.008708272859216255,0.03636363636363636,165,0.0009831230542356219
CubiCasa5k,wall,dining_room,laundry,0.050672182006204755,0.16551724137931034,290,0.008028838276257578
CubiCasa5k,wall,laundry,dining_room,0.042666666666666665,0.16551724137931034,290,0.008028838276257578
CubiCasa5k,wall,dining_room,closet,0.05170630816959669,0.09784735812133072,511,0.008520399803375388
CubiCasa5k,wall,closet,dining_room,0.016655989750160152,0.09784735812133072,511,0.008520399803375388
CubiCasa5k,wall,dining_room,outdoor,0.19958634953464321,0.2556894243641232,747,0.03178764542028511
CubiCasa5k,wall,outdoor,dining_room,0.03578015492438215,0.2556894243641232,747,0.03178764542028511
CubiCasa5k,wall,dining_room,other,0.2750775594622544,0.326302729528536,806,0.05308864492872358
CubiCasa5k,wall,other,dining_room,0.02619028372807372,0.326302729528536,806,0.05308864492872358
CubiCasa5k,wall,study,study,0.12149532710280374,0.5333333333333333,15,0.002785515320334262
CubiCasa5k,wall,study,storage,0.1588785046728972,0.3238095238095238,105,0.006062592167786335
CubiCasa5k,wall,storage,study,0.014555468135326514,0.3238095238095238,105,0.006062592167786335
CubiCasa5k,wall,study,garage,0.07009345794392523,0.27450980392156865,51,0.0024578076355890547
CubiCasa5k,wall,garage,study,0.020319303338171262,0.27450980392156865,51,0.0024578076355890547
CubiCasa5k,wall,study,laundry,0.09345794392523364,0.20408163265306123,98,0.003277076847452073
CubiCasa5k,wall,laundry,study,0.017777777777777778,0.20408163265306123,98,0.003277076847452073
CubiCasa5k,wall,study,closet,0.14485981308411214,0.29523809523809524,105,0.00540717679829592
CubiCasa5k,wall,closet,study,0.01057014734144779,0.29523809523809524,105,0.00540717679829592
CubiCasa5k,wall,study,outdoor,0.19626168224299065,0.291970802919708,137,0.00720956906439456
CubiCasa5k,wall,outdoor,study,0.007746219107340465,0.291970802919708,137,0.00720956906439456
CubiCasa5k,wall,study,other,0.43457943925233644,0.49700598802395207,167,0.021792561035556282
CubiCasa5k,wall,other,study,0.010104276129658071,0.49700598802395207,167,0.021792561035556282
CubiCasa5k,wall,storage,storage,0.2718332022029898,0.5259391771019678,559,0.06685236768802229
CubiCasa5k,wall,storage,garage,0.24390243902439024,0.8493870402802102,571,0.10437489759134852
CubiCasa5k,wall,garage,storage,0.7402031930333817,0.8493870402802102,571,0.10437489759134852
CubiCasa5k,wall,storage,laundry,0.09008654602675059,0.3221884498480243,658,0.03785023758807144
CubiCasa5k,wall,laundry,storage,0.192,0.3221884498480243,658,0.03785023758807144
CubiCasa5k,wall,storage,closet,0.0889063729346971,0.2284434490481523,893,0.03883336064230706
CubiCasa5k,wall,closet,storage,0.07014734144778988,0.2284434490481523,893,0.03883336064230706
CubiCasa5k,wall,storage,outdoor,0.3760818253343824,0.6173469387755102,1372,0.16123218089464197
CubiCasa5k,wall,outdoor,storage,0.17189229066765033,0.6173469387755102,1372,0.16123218089464197
CubiCasa5k,wall,storage,other,0.3725413060582219,0.44472049689440996,1610,0.2025233491725381
CubiCasa5k,wall,other,storage,0.08608843262468677,0.44472049689440996,1610,0.2025233491725381
CubiCasa5k,wall,garage,garage,0.11756168359941944,0.8888888888888888,45,0.006718007537276749
CubiCasa5k,wall,garage,laundry,0.10449927431059507,0.2297734627831715,309,0.011961330493200065
CubiCasa5k,wall,laundry,garage,0.064,0.2297734627831715,309,0.011961330493200065
CubiCasa5k,wall,garage,closet,0.11175616835994194,0.20052083333333334,384,0.012944453547435687
CubiCasa5k,wall,closet,garage,0.02530429212043562,0.20052083333333334,384,0.012944453547435687
CubiCasa5k,wall,garage,outdoor,0.32075471698113206,0.42745098039215684,510,0.03916106832705227
CubiCasa5k,wall,outdoor,garage,0.04352637403172261,0.42745098039215684,510,0.03916106832705227
CubiCasa5k,wall,garage,other,0.2931785195936139,0.3311036789297659,598,0.042601999016876946
CubiCasa5k,wall,other,garage,0.020774391722576994,0.3311036789297659,598,0.042601999016876946
CubiCasa5k,wall,laundry,laundry,0.03911111111111111,0.6111111111111112,36,0.00360478453219728
CubiCasa5k,wall,laundry,closet,0.1768888888888889,0.3198707592891761,619,0.03506472226773718
CubiCasa5k,wall,closet,laundry,0.06822549647661755,0.3198707592891761,619,0.03506472226773718
CubiCasa5k,wall,laundry,outdoor,0.32355555555555554,0.4050056882821388,879,0.061609044732098966
CubiCasa5k,wall,outdoor,laundry,0.06916267060125415,0.4050056882821388,879,0.061609044732098966
CubiCasa5k,wall,laundry,other,0.5431111111111111,0.5816425120772947,1035,0.12551204325741439
CubiCasa5k,wall,other,laundry,0.0615956672863956,0.5816425120772947,1035,0.12551204325741439
CubiCasa5k,wall,closet,closet,0.1031390134529148,0.37254901960784315,408,0.027855153203342618
CubiCasa5k,wall,closet,outdoor,0.05445227418321589,0.09897404948702475,1657,0.028674422415205635
CubiCasa5k,wall,outdoor,closet,0.031722611582441905,0.09897404948702475,1657,0.028674422415205635
CubiCasa5k,wall,closet,other,0.3968609865470852,0.5053811659192825,2230,0.251351794199574
CubiCasa5k,wall,other,closet,0.11809877940344354,0.5053811659192825,2230,0.251351794199574
CubiCasa5k,wall,outdoor,outdoor,0.07303578015492439,0.1339820359281437,1336,0.035720137637227596
CubiCasa5k,wall,outdoor,other,0.20693471043895242,0.30507936507936506,3150,0.24119285597247256
CubiCasa5k,wall,other,outdoor,0.1154312505052138,0.30507936507936506,3150,0.24119285597247256
CubiCasa5k,wall,other,other,0.5427208794761943,0.6144867833848267,2913,1.1151892511879404
CubiCasa5k,door,living_room,living_room,0.02797503765870454,0.20257234726688103,311,0.010650499754219236
CubiCasa5k,door,living_room,kitchen,0.10501398751882936,0.12304194037392623,3958,0.07996067507783057
CubiCasa5k,door,kitchen,living_room,0.10423801369863013,0.12304194037392623,3958,0.07996067507783057
CubiCasa5k,door,living_room,bedroom,0.33032063697008823,0.4245810055865922,3580,0.3085367851876126
CubiCasa5k,door,bedroom,living_room,0.19974514176489327,0.4245810055865922,3580,0.3085367851876126
CubiCasa5k,door,living_room,bathroom,0.09554551323434474,0.11320754716981132,3869,0.07832213665410453
CubiCasa5k,door,bathroom,living_room,0.06271319863552874,0.11320754716981132,3869,0.07832213665410453
CubiCasa5k,door,living_room,balcony,0.28254788035291584,0.7449392712550608,1729,0.21530394887760118
CubiCasa5k,door,balcony,living_room,0.5276767676767676,0.7449392712550608,1729,0.21530394887760118
CubiCasa5k,door,living_room,hallway,0.1291155584247902,0.16180221025786343,3529,0.09962313616254301
CubiCasa5k,door,hallway,living_room,0.09607843137254903,0.16180221025786343,3529,0.09962313616254301
CubiCasa5k,door,living_room,dining_room,0.02754465246395524,0.13740458015267176,917,0.020973291823693264
CubiCasa5k,door,dining_room,living_room,0.13236814891416754,0.13740458015267176,917,0.020973291823693264
CubiCasa5k,door,living_room,study,0.011620400258231117,0.3624161073825503,149,0.008848107488120597
CubiCasa5k,door,study,living_room,0.2523364485981308,0.3624161073825503,149,0.008848107488120597
CubiCasa5k,door,living_room,storage,0.017215407789972024,0.055201698513800426,1413,0.015074553498279535
CubiCasa5k,door,storage,living_room,0.03540519276160504,0.055201698513800426,1413,0.015074553498279535
CubiCasa5k,door,living_room,garage,0.0025823111684958036,0.021352313167259787,562,0.0019662461084712438
CubiCasa5k,door,garage,living_room,0.01741654571843251,0.021352313167259787,562,0.0019662461084712438
CubiCasa5k,door,living_room,laundry,0.02862061545082849,0.1378579003181336,943,0.021792561035556282
CubiCasa5k,door,laundry,living_room,0.11644444444444445,0.1378579003181336,943,0.021792561035556282
CubiCasa5k,door,living_room,closet,0.032494082203572194,0.07294685990338164,2070,0.024905784040635752
CubiCasa5k,door,closet,living_room,0.04868673926969891,0.07294685990338164,2070,0.024905784040635752
CubiCasa5k,door,living_room,outdoor,0.31224445879061763,0.5008677542519958,2881,0.2388989021792561
CubiCasa5k,door,outdoor,living_room,0.2683511619328661,0.5008677542519958,2881,0.2388989021792561
CubiCasa5k,door,living_room,other,0.10114052076608565,0.13006993006993006,3575,0.08585941340324431
CubiCasa5k,door,other,living_room,0.04211462290841484,0.13006993006993006,3575,0.08585941340324431
CubiCasa5k,door,kitchen,kitchen,0.017123287671232876,0.2289156626506024,166,0.006554153694904146
CubiCasa5k,door,kitchen,bedroom,0.10830479452054795,0.1336870026525199,3770,0.09388825167950189
CubiCasa5k,door,bedroom,kitchen,0.06084740363172985,0.1336870026525199,3770,0.09388825167950189
CubiCasa5k,door,kitchen,bathroom,0.06035958904109589,0.06790123456790123,4050,0.04850073734229068
CubiCasa5k,door,bathroom,kitchen,0.038834951456310676,0.06790123456790123,4050,0.04850073734229068
CubiCasa5k,door,kitchen,balcony,0.031892123287671235,0.08533791523482245,1746,0.024414222513517943
CubiCasa5k,door,balcony,kitchen,0.0602020202020202,0.08533791523482245,1746,0.024414222513517943
CubiCasa5k,door,kitchen,hallway,0.2226027397260274,0.2745571658615137,3726,0.17417663444207768
CubiCasa5k,door,hallway,kitchen,0.17254901960784313,0.2745571658615137,3726,0.17417663444207768
CubiCasa5k,door,kitchen,dining_room,0.020333904109589043,0.09787234042553192,940,0.015566115025397346
CubiCasa5k,door,dining_room,kitchen,0.09720785935884178,0.09787234042553192,940,0.015566115025397346
CubiCasa5k,door,kitchen,study,0.0012842465753424657,0.04285714285714286,140,0.0009831230542356219
CubiCasa5k,door,study,kitchen,0.028037383177570093,0.04285714285714286,140,0.0009831230542356219
CubiCasa5k,door,kitchen,storage,0.007277397260273972,0.025241276911655532,1347,0.005571030640668524
CubiCasa5k,door,storage,kitchen,0.013375295043273014,0.025241276911655532,1347,0.005571030640668524
CubiCasa5k,door,kitchen,garage,0.0010702054794520547,0.009578544061302681,522,0.0008192692118630182
CubiCasa5k,door,garage,kitchen,0.00725689404934688,0.009578544061302681,522,0.0008192692118630182
CubiCasa5k,door,kitchen,laundry,0.0567208904109589,0.2955056179775281,890,0.04342126822873996
CubiCasa5k,door,laundry,kitchen,0.23555555555555555,0.2955056179775281,890,0.04342126822873996
CubiCasa5k,door,kitchen,closet,0.018621575342465755,0.04215116279069767,2064,0.014582991971161724
CubiCasa5k,door,closet,kitchen,0.028507367072389492,0.04215116279069767,2064,0.014582991971161724
CubiCasa5k,door,kitchen,outdoor,0.0370291095890411,0.057181298351833165,2973,0.028510568572833035
CubiCasa5k,door,outdoor,kitchen,0.031722611582441905,0.057181298351833165,2973,0.028510568572833035
CubiCasa5k,door,kitchen,other,0.12585616438356165,0.15630070308274743,3698,0.1125675897099787
CubiCasa5k,door,other,kitchen,0.05529059898148896,0.15630070308274743,3698,0.1125675897099787
CubiCasa5k,door,bedroom,bedroom,0.03844111712859722,0.05415531335149864,2936,0.032606914632148126
CubiCasa5k,door,bedroom,bathroom,0.0267601146862058,0.05807839388145315,4184,0.04211043748975914
CubiCasa5k,door,bathroom,bedroom,0.033324586722644975,0.05807839388145315,4184,0.04211043748975914
CubiCasa5k,door,bedroom,balcony,0.0410958904109589,0.19156883671291355,1874,0.06341143699819761
CubiCasa5k,door,balcony,bedroom,0.1494949494949495,0.19156883671291355,1874,0.06341143699819761
CubiCasa5k,door,bedroom,hallway,0.5004778591908251,0.7247007616974973,3676,0.7791250204817303
CubiCasa5k,door,hallway,bedroom,0.4516339869281046,0.7247007616974973,3676,0.7791250204817303
CubiCasa5k,door,bedroom,dining_room,0.010725284060741212,0.1125158027812895,791,0.016549238079632968
CubiCasa5k,door,dining_room,bedroom,0.09203722854188211,0.1125158027812895,791,0.016549238079632968
CubiCasa5k,door,bedroom,study,0.002123818625889349,0.1111111111111111,135,0.003277076847452073
CubiCasa5k,door,study,bedroom,0.07009345794392523,0.1111111111111111,135,0.003277076847452073
CubiCasa5k,door,bedroom,storage,0.008813847297440799,0.05584512285927029,1343,0.01491069965590693
CubiCasa5k,door,storage,bedroom,0.035798583792289534,0.05584512285927029,1343,0.01491069965590693
CubiCasa5k,door,bedroom,garage,0.00042476372517786983,0.0078125,512,0.0006554153694904145
CubiCasa5k,door,garage,bedroom,0.005805515239477504,0.0078125,512,0.0006554153694904145
CubiCasa5k,door,bedroom,laundry,0.0045662100456621,0.04525862068965517,928,0.0070457152220219565
CubiCasa5k,door,laundry,bedroom,0.037333333333333336,0.04525862068965517,928,0.0070457152220219565
CubiCasa5k,door,bedroom,closet,0.15089731336943826,0.5480974775545104,2339,0.2349664099623136
CubiCasa5k,door,closet,bedroom,0.4532351057014734,0.5480974775545104,2339,0.2349664099623136
CubiCasa5k,door,bedroom,outdoor,0.0362111075714134,0.11473684210526315,2850,0.05587416024905784
CubiCasa5k,door,outdoor,bedroom,0.06178531907045371,0.11473684210526315,2850,0.05587416024905784
CubiCasa5k,door,bedroom,other,0.19422321333758097,0.2848344880677444,3897,0.32131738489267575
CubiCasa5k,door,other,bedroom,0.10653948751111471,0.2848344880677444,3897,0.32131738489267575
CubiCasa5k,door,bathroom,bathroom,0.07163474153765416,0.12712275594371664,2061,0.045715222021956416
CubiCasa5k,door,bathroom,balcony,0.007478352138546313,0.028585757271815445,1994,0.009339669015238408
CubiCasa5k,door,balcony,bathroom,0.02303030303030303,0.028585757271815445,1994,0.009339669015238408
CubiCasa5k,door,bathroom,hallway,0.5209918656520598,0.8468244084682441,4015,0.6555792233327872
CubiCasa5k,door,hallway,bathroom,0.574673202614379,0.8468244084682441,4015,0.6555792233327872
CubiCasa5k,door,bathroom,dining_room,0.005772763054316453,0.04853273137697517,886,0.00720956906439456
CubiCasa5k,door,dining_room,bathroom,0.04446742502585315,0.04853273137697517,886,0.00720956906439456
CubiCasa5k,door,bathroom,study,0.0024927840461821046,0.09444444444444444,180,0.003113223005079469
CubiCasa5k,door,study,bathroom,0.0794392523364486,0.09444444444444444,180,0.003113223005079469
CubiCasa5k,door,bathroom,storage,0.006559958016268696,0.0308953341740227,1586,0.008192692118630182
CubiCasa5k,door,storage,bathroom,0.01927616050354052,0.0308953341740227,1586,0.008192692118630182
CubiCasa5k,door,bathroom,garage,0.0010495932826029913,0.01335559265442404,599,0.001310830738980829
CubiCasa5k,door,garage,bathroom,0.011611030478955007,0.01335559265442404,599,0.001310830738980829
CubiCasa5k,door,bathroom,laundry,0.08882183154027815,0.5949612403100775,1032,0.11125675897099788
CubiCasa5k,door,laundry,bathroom,0.5511111111111111,0.5949612403100775,1032,0.11125675897099788
CubiCasa5k,door,bathroom,closet,0.04421411702965101,0.12238055322715842,2386,0.05538259872194003
CubiCasa5k,door,closet,bathroom,0.09513132607303011,0.12238055322715842,2386,0.05538259872194003
CubiCasa5k,door,bathroom,outdoor,0.0090527420624508,0.02233732599546779,3089,0.011305915123709652
CubiCasa5k,door,outdoor,bathroom,0.012725931390630763,0.02233732599546779,3089,0.011305915123709652
CubiCasa5k,door,bathroom,other,0.4845184990816059,0.8119533527696793,4116,0.6731115844666558
CubiCasa5k,door,other,bathroom,0.31864845202489694,0.8119533527696793,4116,0.6731115844666558
CubiCasa5k,door,balcony,balcony,0.006868686868686869,0.03404255319148936,235,0.0014746845813534328
CubiCasa5k,door,balcony,hallway,0.09373737373737374,0.12019491066594477,1847,0.03834179911518925
CubiCasa5k,door,hallway,balcony,0.0380718954248366,0.12019491066594477,1847,0.03834179911518925
CubiCasa5k,door,balcony,dining_room,0.033535353535353536,0.18526785714285715,448,0.013599868916926102
CubiCasa5k,door,dining_room,balcony,0.08583247156153051,0.18526785714285715,448,0.013599868916926102
CubiCasa5k,door,balcony,study,0.00404040404040404,0.12987012987012986,77,0.0016385384237260364
CubiCasa5k,door,study,balcony,0.04672897196261682,0.12987012987012986,77,0.0016385384237260364
CubiCasa5k,door,balcony,storage,0.042828282828282827,0.17412935323383086,603,0.017860068818613798
CubiCasa5k,door,storage,balcony,0.04287962234461054,0.17412935323383086,603,0.017860068818613798
CubiCasa5k,door,balcony,garage,0.0008080808080808081,0.0091324200913242,219,0.00032770768474520726
CubiCasa5k,door,garage,balcony,0.002902757619738752,0.0091324200913242,219,0.00032770768474520726
CubiCasa5k,door,balcony,laundry,0.05616161616161616,0.2653846153846154,520,0.022775684089791904
CubiCasa5k,door,laundry,balcony,0.12355555555555556,0.2653846153846154,520,0.022775684089791904
CubiCasa5k,door,balcony,closet,0.01575757575757576,0.038461538461538464,1014,0.006390299852531542
CubiCasa5k,door,closet,balcony,0.012491992312620116,0.038461538461538464,1014,0.006390299852531542
CubiCasa5k,door,balcony,outdoor,0.016565656565656565,0.039285714285714285,840,0.006881861379649353
CubiCasa5k,door,outdoor,balcony,0.007008483954260421,0.039285714285714285,840,0.006881861379649353
CubiCasa5k,door,balcony,other,0.06828282828282828,0.09364358683314415,1762,0.029165983942323448
CubiCasa5k,door,other,balcony,0.01430765499959583,0.09364358683314415,1762,0.029165983942323448
CubiCasa5k,door,hallway,hallway,0.46258169934640525,0.8858418367346939,1568,0.2343109945928232
CubiCasa5k,door,hallway,dining_room,0.007516339869281046,0.051643192488262914,852,0.0075372767491397675
CubiCasa5k,door,dining_room,hallway,0.045501551189245086,0.051643192488262914,852,0.0075372767491397675
CubiCasa5k,door,hallway,study,0.010620915032679739,0.38414634146341464,164,0.012452892020317876
CubiCasa5k,door,study,hallway,0.35046728971962615,0.38414634146341464,164,0.012452892020317876
CubiCasa5k,door,hallway,storage,0.030392156862745098,0.11397557666214382,1474,0.03473701458299197
CubiCasa5k,door,storage,hallway,0.08261211644374508,0.11397557666214382,1474,0.03473701458299197
CubiCasa5k,door,hallway,garage,0.006372549019607843,0.06571936056838366,563,0.006390299852531542
CubiCasa5k,door,garage,hallway,0.055152394775036286,0.06571936056838366,563,0.006390299852531542
CubiCasa5k,door,hallway,laundry,0.0761437908496732,0.4644308943089431,984,0.0763558905456333
CubiCasa5k,door,laundry,hallway,0.41244444444444445,0.4644308943089431,984,0.0763558905456333
CubiCasa5k,door,hallway,closet,0.1261437908496732,0.36988304093567254,2052,0.1317384892675733
CubiCasa5k,door,closet,hallway,0.2568866111467008,0.36988304093567254,2052,0.1317384892675733
CubiCasa5k,door,hallway,outdoor,0.31437908496732025,0.6729788783685361,2746,0.316237915779125
CubiCasa5k,door,outdoor,hallway,0.35429730726669123,0.6729788783685361,2746,0.316237915779125
CubiCasa5k,door,hallway,other,0.17941176470588235,0.2949784791965567,3485,0.22693757168605605
CubiCasa5k,door,other,hallway,0.1104195295449034,0.2949784791965567,3485,0.22693757168605605
CubiCasa5k,door,dining_room,dining_room,0.0,0.0,12,0.0
CubiCasa5k,door,dining_room,study,0.004136504653567736,0.06060606060606061,66,0.0008192692118630182
CubiCasa5k,door,study,dining_room,0.02336448598130841,0.06060606060606061,66,0.0008192692118630182
CubiCasa5k,door,dining_room,storage,0.0062047569803516025,0.014354066985645933,418,0.0009831230542356219
CubiCasa5k,door,storage,dining_room,0.0023603461841070024,0.014354066985645933,418,0.0009831230542356219
CubiCasa5k,door,dining_room,garage,0.0,0.0,165,0.0
CubiCasa5k,door,garage,dining_room,0.0,0.0,165,0.0
CubiCasa5k,door,dining_room,laundry,0.03722854188210962,0.12413793103448276,290,0.005898738325413731
CubiCasa5k,door,laundry,dining_room,0.032,0.12413793103448276,290,0.005898738325413731
CubiCasa5k,door,dining_room,closet,0.01344364012409514,0.025440313111545987,511,0.002130099950843847
CubiCasa5k,door,closet,dining_room,0.004163997437540038,0.025440313111545987,511,0.002130099950843847
CubiCasa5k,door,dining_room,outdoor,0.05377456049638056,0.06693440428380187,747,0.008520399803375388
CubiCasa5k,door,outdoor,dining_room,0.009590556990040576,0.06693440428380187,747,0.008520399803375388
CubiCasa5k,door,dining_room,other,0.04446742502585315,0.05334987593052109,806,0.007701130591512371
CubiCasa5k,door,other,dining_room,0.003799207824751435,0.05334987593052109,806,0.007701130591512371
CubiCasa5k,door,study,study,0.02336448598130841,0.13333333333333333,15,0.0004915615271178109
CubiCasa5k,door,study,storage,0.06074766355140187,0.12380952380952381,105,0.0024578076355890547
CubiCasa5k,door,storage,study,0.005900865460267506,0.12380952380952381,105,0.0024578076355890547
CubiCasa5k,door,study,garage,0.0,0.0,51,0.0
CubiCasa5k,door,garage,study,0.0,0.0,51,0.0
CubiCasa5k,door,study,laundry,0.018691588785046728,0.04081632653061224,98,0.0006554153694904145
CubiCasa5k,door,laundry,study,0.0035555555555555557,0.04081632653061224,98,0.0006554153694904145
CubiCasa5k,door,study,closet,0.06074766355140187,0.12380952380952381,105,0.002130099950843847
CubiCasa5k,door,closet,study,0.004163997437540038,0.12380952380952381,105,0.002130099950843847
CubiCasa5k,door,study,outdoor,0.07009345794392523,0.10948905109489052,137,0.0024578076355890547
CubiCasa5k,door,outdoor,study,0.002766506824050166,0.10948905109489052,137,0.0024578076355890547
CubiCasa5k,door,study,other,0.14485981308411214,0.16766467065868262,167,0.00540717679829592
CubiCasa5k,door,other,study,0.0025058604801552016,0.16766467065868262,167,0.00540717679829592
CubiCasa5k,door,storage,storage,0.1093627065302911,0.22719141323792486,559,0.02425036867114534
CubiCasa5k,door,storage,garage,0.1058221872541306,0.4238178633975482,571,0.04440439128297559
CubiCasa5k,door,garage,storage,0.36284470246734396,0.4238178633975482,571,0.04440439128297559
CubiCasa5k,door,storage,laundry,0.025963808025177025,0.0972644376899696,658,0.01081435359659184
CubiCasa5k,door,laundry,storage,0.05688888888888889,0.0972644376899696,658,0.01081435359659184
CubiCasa5k,door,storage,closet,0.01770259638080252,0.048152295632698766,893,0.0075372767491397675
CubiCasa5k,door,closet,storage,0.014413837283792441,0.048152295632698766,893,0.0075372767491397675
CubiCasa5k,door,storage,outdoor,0.3316286388670338,0.5539358600583091,1372,0.13862035064722267
CubiCasa5k,door,outdoor,storage,0.15123570638140907,0.5539358600583091,1372,0.13862035064722267
CubiCasa5k,door,storage,other,0.12824547600314712,0.16024844720496895,1610,0.05702113714566607
CubiCasa5k,door,other,storage,0.024654433756365696,0.16024844720496895,1610,0.05702113714566607
CubiCasa5k,door,garage,garage,0.06095791001451379,0.4666666666666667,45,0.0034409306898246766
CubiCasa5k,door,garage,laundry,0.033381712626995644,0.0744336569579288,309,0.0037686383745698837
CubiCasa5k,door,laundry,garage,0.020444444444444446,0.0744336569579288,309,0.0037686383745698837
CubiCasa5k,door,garage,closet,0.0043541364296081275,0.0078125,384,0.0004915615271178109
CubiCasa5k,door,closet,garage,0.0009609224855861628,0.0078125,384,0.0004915615271178109
CubiCasa5k,door,garage,outdoor,0.13497822931785197,0.1803921568627451,510,0.016057676552515155
CubiCasa5k,door,outdoor,garage,0.017890077462191074,0.1803921568627451,510,0.016057676552515155
CubiCasa5k,door,garage,other,0.08853410740203194,0.1020066889632107,598,0.011142061281337047
CubiCasa5k,door,other,garage,0.005496726214533991,0.1020066889632107,598,0.011142061281337047
CubiCasa5k,door,laundry,laundry,0.017777777777777778,0.2777777777777778,36,0.0016385384237260364
CubiCasa5k,door,laundry,closet,0.088,0.15993537964458804,619,0.016713091922005572
CubiCasa5k,door,closet,laundry,0.03267136450992953,0.15993537964458804,619,0.016713091922005572
CubiCasa5k,door,laundry,outdoor,0.2808888888888889,0.3560864618885097,879,0.052105521874487956
CubiCasa5k,door,outdoor,laundry,0.05864994466986352,0.3560864618885097,879,0.052105521874487956
CubiCasa5k,door,laundry,other,0.19111111111111112,0.20772946859903382,1035,0.03768638374569884
CubiCasa5k,door,other,laundry,0.018591868078570852,0.20772946859903382,1035,0.03768638374569884
CubiCasa5k,door,closet,closet,0.012812299807815503,0.049019607843137254,408,0.003277076847452073
CubiCasa5k,door,closet,outdoor,0.01985906470211403,0.03741701870850935,1657,0.010486645911846632
CubiCasa5k,door,outdoor,closet,0.011803762449280709,0.03741701870850935,1657,0.010486645911846632
CubiCasa5k,door,closet,other,0.16335682254964767,0.21255605381165918,2230,0.08782565951171555
CubiCasa5k,door,other,closet,0.04187212028130305,0.21255605381165918,2230,0.08782565951171555
CubiCasa5k,door,outdoor,outdoor,0.028956104758391738,0.05389221556886228,1336,0.012944453547435687
CubiCasa5k,door,outdoor,other,0.13924751014385836,0.20634920634920634,3150,0.13665410453875143
CubiCasa5k,door,other,outdoor,0.06628405141055695,0.20634920634920634,3150,0.13665410453875143
CubiCasa5k,door,other,other,0.3104841969121332,0.3474081702711981,2913,0.45240045879075863
ResPlan,wall,living_room,living_room,0.02112888620585572,0.7119341563786008,243,0.010847582276153706
ResPlan,wall,living_room,kitchen,0.98913371566556,0.9996913389715415,16199,1.0048415762701477
ResPlan,wall,kitchen,living_room,0.9964336223329029,0.9996913389715415,16199,1.0048415762701477
ResPlan,wall,living_room,bedroom,0.9881074554784184,0.9979770734996628,16313,2.3830360973218117
ResPlan,wall,bedroom,living_room,0.9919218773965949,0.9979770734996628,16313,2.3830360973218117
ResPlan,wall,living_room,bathroom,0.9693932991246604,0.9783035057612159,16316,1.7484831770546057
ResPlan,wall,bathroom,living_room,0.7337612124961336,0.9783035057612159,16316,1.7484831770546057
ResPlan,wall,living_room,balcony,0.456987624509508,0.601770617323337,12538,0.4967212110069253
ResPlan,wall,balcony,living_room,0.38793020803374556,0.601770617323337,12538,0.4967212110069253
ResPlan,wall,living_room,storage,0.100271657108361,0.9590882524839275,1711,0.10246981675553105
ResPlan,wall,storage,living_room,0.9559930515344528,0.9590882524839275,1711,0.10246981675553105
ResPlan,wall,living_room,garage,0.015031693329308784,0.7639751552795031,322,0.015321443892872464
ResPlan,wall,garage,living_room,0.7373134328358208,0.7639751552795031,322,0.015321443892872464
ResPlan,wall,living_room,outdoor,0.01792936915182614,0.5610687022900763,524,0.02126616412330698
ResPlan,wall,outdoor,living_room,0.4159613059250302,0.5610687022900763,524,0.02126616412330698
ResPlan,wall,living_room,other,0.03362511319046182,0.8249619482496194,657,0.03713917999632285
ResPlan,wall,other,living_room,0.8159340659340659,0.8249619482496194,657,0.03713917999632285
ResPlan,wall,kitchen,kitchen,0.007501690954928365,1.0,58,0.003922289636575351
ResPlan,wall,kitchen,bedroom,0.502182869089344,0.5040750802667325,16196,0.54709811852669
ResPlan,wall,bedroom,kitchen,0.22813027250881948,0.5040750802667325,16196,0.54709811852669
ResPlan,wall,kitchen,bathroom,0.39353132878312735,0.3949009198098648,16199,0.41968499111356256
ResPlan,wall,bathroom,kitchen,0.17643571502216723,0.3949009198098648,16199,0.41968499111356256
ResPlan,wall,kitchen,balcony,0.004427227448810182,0.005708772211948219,12437,0.004902862045719189
ResPlan,wall,balcony,kitchen,0.003786789377816125,0.005708772211948219,12437,0.004902862045719189
ResPlan,wall,kitchen,storage,0.04248908565455328,0.4115544967242406,1679,0.04259361402218545
ResPlan,wall,storage,kitchen,0.40243196294151706,0.4115544967242406,1679,0.04259361402218545
ResPlan,wall,kitchen,garage,0.004304248908565456,0.23728813559322035,295,0.00435129006557578
ResPlan,wall,garage,kitchen,0.21194029850746268,0.23728813559322035,295,0.00435129006557578
ResPlan,wall,kitchen,outdoor,0.009715304679333457,0.31411530815109345,503,0.009867009867009866
ResPlan,wall,outdoor,kitchen,0.1946795646916566,0.31411530815109345,503,0.009867009867009866
ResPlan,wall,kitchen,other,0.00842403000676382,0.22607260726072606,606,0.0084574370288656
ResPlan,wall,other,kitchen,0.18956043956043955,0.22607260726072606,606,0.0084574370288656
ResPlan,wall,bedroom,bedroom,0.4617056086712,0.5648122773362565,14596,0.5958203101060244
ResPlan,wall,bedroom,bathroom,0.8297458970295005,0.9802010543091823,16314,2.447753876325305
ResPlan,wall,bathroom,bedroom,0.8554232395092277,0.9802010543091823,16314,2.447753876325305
ResPlan,wall,bedroom,balcony,0.4790889104759957,0.9025440625249223,12539,1.2770729913587056
ResPlan,wall,balcony,bedroom,0.81765890135174,0.9025440625249223,12539,1.2770729913587056
ResPlan,wall,bedroom,storage,0.02390203998159415,0.4833430742255991,1711,0.057363485934914506
ResPlan,wall,storage,bedroom,0.4811812391430226,0.4833430742255991,1711,0.057363485934914506
ResPlan,wall,bedroom,garage,0.0020962216882253696,0.23839009287925697,323,0.005025433596862168
ResPlan,wall,garage,bedroom,0.2298507462686567,0.23839009287925697,323,0.005025433596862168
ResPlan,wall,bedroom,outdoor,0.013523186256966102,0.6583969465648855,524,0.034074891217748364
ResPlan,wall,outdoor,bedroom,0.5296251511487303,0.6583969465648855,524,0.034074891217748364
ResPlan,wall,bedroom,other,0.008819469298021371,0.4703196347031963,657,0.02157259300116443
ResPlan,wall,other,bedroom,0.43956043956043955,0.4703196347031963,657,0.02157259300116443
ResPlan,wall,bathroom,bathroom,0.3456541911537272,0.40212752798565154,16169,0.41723356009070295
ResPlan,wall,bathroom,balcony,0.17017218269924733,0.4074487598692081,12539,0.42814242814242814
ResPlan,wall,balcony,bathroom,0.3027514140542613,0.4074487598692081,12539,0.42814242814242814
ResPlan,wall,bathroom,storage,0.01461490875347974,0.3173582700175336,1711,0.03474903474903475
ResPlan,wall,storage,bathroom,0.3155761436016213,0.3173582700175336,1711,0.03474903474903475
ResPlan,wall,bathroom,garage,0.0015723270440251573,0.16408668730650156,323,0.0037997180854323714
ResPlan,wall,garage,bathroom,0.16119402985074627,0.16408668730650156,323,0.0037997180854323714
ResPlan,wall,bathroom,outdoor,0.008738014228270957,0.4446564885496183,524,0.02108230679659251
ResPlan,wall,outdoor,bathroom,0.31076178960096734,0.4446564885496183,524,0.02108230679659251
ResPlan,wall,bathroom,other,0.01085163418909166,0.48936170212765956,658,0.02629159772016915
ResPlan,wall,other,bathroom,0.4697802197802198,0.48936170212765956,658,0.02629159772016915
ResPlan,wall,balcony,balcony,0.07544818329977951,0.12686567164179105,5762,0.05092847949990807
ResPlan,wall,balcony,storage,0.010785159620362382,0.15785662563359884,1381,0.013850585279156708
ResPlan,wall,storage,balcony,0.12680949623624782,0.15785662563359884,1381,0.013850585279156708
ResPlan,wall,balcony,garage,0.0010066148979004888,0.1941747572815534,103,0.001348287062572777
ResPlan,wall,garage,balcony,0.0626865671641791,0.1941747572815534,103,0.001348287062572777
ResPlan,wall,balcony,outdoor,0.011072763876905378,0.652014652014652,273,0.015505301219586935
ResPlan,wall,outdoor,balcony,0.26118500604594924,0.652014652014652,273,0.015505301219586935
ResPlan,wall,balcony,other,0.003547119164030294,0.20165745856353592,362,0.004657718943433229
ResPlan,wall,other,balcony,0.10302197802197802,0.20165745856353592,362,0.004657718943433229
ResPlan,wall,storage,storage,0.005790387955993051,0.3333333333333333,15,0.0003064288778574493
ResPlan,wall,storage,garage,0.012738853503184714,0.3333333333333333,66,0.001348287062572777
ResPlan,wall,garage,storage,0.06567164179104477,0.3333333333333333,66,0.001348287062572777
ResPlan,wall,storage,outdoor,0.010422698320787493,0.1565217391304348,115,0.0011644297358583073
ResPlan,wall,outdoor,storage,0.022974607013301087,0.1565217391304348,115,0.0011644297358583073
ResPlan,wall,storage,other,0.009264620729588882,0.16161616161616163,99,0.0009805724091438378
ResPlan,wall,other,storage,0.02197802197802198,0.16161616161616163,99,0.0009805724091438378
ResPlan,wall,garage,garage,0.029850746268656716,0.45454545454545453,11,0.0003064288778574493
ResPlan,wall,garage,outdoor,0.5582089552238806,0.832579185520362,221,0.014034442605871177
ResPlan,wall,outdoor,garage,0.27327690447400244,0.832579185520362,221,0.014034442605871177
ResPlan,wall,garage,other,0.26865671641791045,0.3739495798319328,238,0.005760862903720047
ResPlan,wall,other,garage,0.12774725274725274,0.3739495798319328,238,0.005760862903720047
ResPlan,wall,outdoor,outdoor,0.05078597339782346,0.07758620689655173,232,0.0014095728381442667
ResPlan,wall,outdoor,other,0.09552599758162031,0.3218884120171674,233,0.0050867193724336585
ResPlan,wall,other,outdoor,0.10851648351648352,0.3218884120171674,233,0.0050867193724336585
ResPlan,wall,other,other,0.03159340659340659,0.171875,64,0.0007354293068578783
ResPlan,door,living_room,living_room,0.0,0.0,243,0.0
ResPlan,door,living_room,kitchen,0.213160277693933,0.21600098771529105,16199,0.2164000735429307
ResPlan,door,kitchen,living_room,0.2151509561581504,0.21600098771529105,16199,0.2164000735429307
ResPlan,door,living_room,bedroom,0.9826139450648959,0.9965058542266904,16313,2.3643439357725073
ResPlan,door,bedroom,living_room,0.9859911038396646,0.9965058542266904,16313,2.3643439357725073
ResPlan,door,living_room,bathroom,0.8555387865982493,0.8679823486148566,16316,0.9897039897039897
ResPlan,door,bathroom,living_room,0.41625425301577484,0.8679823486148566,16316,0.9897039897039897
ResPlan,door,living_room,balcony,0.41835194687594324,0.5518423991067156,12538,0.4453637310780168
ResPlan,door,balcony,living_room,0.34833668871632634,0.5518423991067156,12538,0.4453637310780168
ResPlan,door,living_room,storage,0.043766978569272565,0.423728813559322,1711,0.04467733039161611
ResPlan,door,storage,living_room,0.42211928199189347,0.423728813559322,1711,0.04467733039161611
ResPlan,door,living_room,garage,0.0,0.0,322,0.0
ResPlan,door,garage,living_room,0.0,0.0,322,0.0
ResPlan,door,living_room,outdoor,0.00018110473890733475,0.0057251908396946565,524,0.00018385732671446958
ResPlan,door,outdoor,living_room,0.0036275695284159614,0.0057251908396946565,524,0.00018385732671446958
ResPlan,door,living_room,other,0.004769091457893148,0.1202435312024353,657,0.004841576270147699
ResPlan,door,other,living_room,0.10851648351648352,0.1202435312024353,657,0.004841576270147699
ResPlan,door,kitchen,kitchen,0.0,0.0,58,0.0
ResPlan,door,kitchen,bedroom,0.024165283158088913,0.024265250679180044,16196,0.024882024882024883
ResPlan,door,bedroom,kitchen,0.010378853724628049,0.024265250679180044,16196,0.024882024882024883
ResPlan,door,kitchen,bathroom,0.00910041197810982,0.009136366442372985,16199,0.010418581847153276
ResPlan,door,bathroom,kitchen,0.004381895040725848,0.009136366442372985,16199,0.010418581847153276
ResPlan,door,kitchen,balcony,0.0020291459140380002,0.002653372999919595,12437,0.0020224305938591654
ResPlan,door,balcony,kitchen,0.0015818234109864827,0.002653372999919595,12437,0.0020224305938591654
ResPlan,door,kitchen,storage,0.002767017155506364,0.026801667659321026,1679,0.0028191456762885333
ResPlan,door,storage,kitchen,0.026635784597568036,0.026801667659321026,1679,0.0028191456762885333
ResPlan,door,kitchen,garage,0.0002459570804894546,0.013559322033898305,295,0.00024514310228595945
ResPlan,door,garage,kitchen,0.011940298507462687,0.013559322033898305,295,0.00024514310228595945
ResPlan,door,kitchen,outdoor,0.00018446781036709093,0.005964214711729622,503,0.00018385732671446958
ResPlan,door,outdoor,kitchen,0.0036275695284159614,0.005964214711729622,503,0.00018385732671446958
ResPlan,door,kitchen,other,0.001906167373793273,0.05115511551155116,606,0.0018998590427161857
ResPlan,door,other,kitchen,0.042582417582417584,0.05115511551155116,606,0.0018998590427161857
ResPlan,door,bedroom,bedroom,0.00040901886599519405,0.0005480953685941354,14596,0.0004902862045719189
ResPlan,door,bedroom,bathroom,0.5645482897898666,0.9010665685913939,16314,1.362076362076362
ResPlan,door,bathroom,bedroom,0.5727910093824106,0.9010665685913939,16314,1.362076362076362
ResPlan,door,bedroom,balcony,0.35444041106396035,0.764175771592631,12539,0.8653551510694368
ResPlan,door,balcony,bedroom,0.6440417984852842,0.764175771592631,12539,0.8653551510694368
ResPlan,door,bedroom,storage,0.0003067641494963955,0.006428988895382817,1711,0.0007354293068578783
ResPlan,door,storage,bedroom,0.006369426751592357,0.006428988895382817,1711,0.0007354293068578783
ResPlan,door,bedroom,garage,2.5563679124699628e-05,0.0030959752321981426,323,6.128577557148986e-05
ResPlan,door,garage,bedroom,0.0029850746268656717,0.0030959752321981426,323,6.128577557148986e-05
ResPlan,door,bedroom,outdoor,0.0,0.0,524,0.0
ResPlan,door,outdoor,bedroom,0.0,0.0,524,0.0
ResPlan,door,bedroom,other,2.5563679124699628e-05,0.0015220700152207,657,6.128577557148986e-05
ResPlan,door,other,bedroom,0.0013736263736263737,0.0015220700152207,657,6.128577557148986e-05
ResPlan,door,bathroom,bathroom,0.0006186204763377668,0.0007421609252272868,16169,0.0007354293068578783
ResPlan,door,bathroom,balcony,0.0003350860913496237,0.0010367652922880612,12539,0.0007967150824293682
ResPlan,door,balcony,bathroom,0.0006231425558431598,0.0010367652922880612,12539,0.0007967150824293682
ResPlan,door,bathroom,storage,0.00020620682544592226,0.004675628287551139,1711,0.0004902862045719189
ResPlan,door,storage,bathroom,0.004632310364794441,0.004675628287551139,1711,0.0004902862045719189
ResPlan,door,bathroom,garage,0.0,0.0,323,0.0
ResPlan,door,garage,bathroom,0.0,0.0,323,0.0
ResPlan,door,bathroom,outdoor,0.0,0.0,524,0.0
ResPlan,door,outdoor,bathroom,0.0,0.0,524,0.0
ResPlan,door,bathroom,other,5.1551706361480566e-05,0.00303951367781155,658,0.00012257155114297973
ResPlan,door,other,bathroom,0.0027472527472527475,0.00303951367781155,658,0.00012257155114297973
ResPlan,door,balcony,balcony,0.0,0.0,5762,0.0
ResPlan,door,balcony,storage,0.0001438021282714984,0.002172338884866039,1381,0.00018385732671446958
ResPlan,door,storage,balcony,0.0017371163867979154,0.002172338884866039,1381,0.00018385732671446958
ResPlan,door,balcony,garage,0.0,0.0,103,0.0
ResPlan,door,garage,balcony,0.0,0.0,103,0.0
ResPlan,door,balcony,outdoor,4.793404275716614e-05,0.003663003663003663,273,6.128577557148986e-05
ResPlan,door,outdoor,balcony,0.0012091898428053204,0.003663003663003663,273,6.128577557148986e-05
ResPlan,door,balcony,other,0.0,0.0,362,0.0
ResPlan,door,other,balcony,0.0,0.0,362,0.0
ResPlan,door,storage,storage,0.0,0.0,15,0.0
ResPlan,door,storage,garage,0.0,0.0,66,0.0
ResPlan,door,garage,storage,0.0,0.0,66,0.0
ResPlan,door,storage,outdoor,0.0,0.0,115,0.0
ResPlan,door,outdoor,storage,0.0,0.0,115,0.0
ResPlan,door,storage,other,0.0,0.0,99,0.0
ResPlan,door,other,storage,0.0,0.0,99,0.0
ResPlan,door,garage,garage,0.0,0.0,11,0.0
ResPlan,door,garage,outdoor,0.0,0.0,221,0.0
ResPlan,door,outdoor,garage,0.0,0.0,221,0.0
ResPlan,door,garage,other,0.0,0.0,238,0.0
ResPlan,door,other,garage,0.0,0.0,238,0.0
ResPlan,door,outdoor,outdoor,0.0,0.0,232,0.0
ResPlan,door,outdoor,other,0.0,0.0,233,0.0
ResPlan,door,other,outdoor,0.0,0.0,233,0.0
ResPlan,door,other,other,0.0,0.0,64,0.0
RPLAN,wall,living_room,living_room,0.0,,0,0.0
RPLAN,wall,living_room,kitchen,0.9517532952001989,0.9926508732491787,11566,0.9532454613280279
RPLAN,wall,kitchen,living_room,0.9919772256728778,0.9926508732491787,11566,0.9532454613280279
RPLAN,wall,living_room,bedroom,0.9997513056453619,0.9998341900182391,12062,2.287490673961701
RPLAN,wall,bedroom,living_room,0.9970731707317073,0.9998341900182391,12062,2.287490673961701
RPLAN,wall,living_room,bathroom,0.9893061427505596,0.9905378486055777,12048,1.1452375031086794
RPLAN,wall,bathroom,living_room,0.9476608588283715,0.9905378486055777,12048,1.1452375031086794
RPLAN,wall,living_room,balcony,0.6342535024454945,0.7607636472108978,10057,0.7416894636491752
RPLAN,wall,balcony,living_room,0.6948586517552034,0.7607636472108978,10057,0.7416894636491752
RPLAN,wall,living_room,hallway,0.0029843322556577967,1.0,36,0.0029843322556577967
RPLAN,wall,hallway,living_room,1.0,1.0,36,0.0029843322556577967
RPLAN,wall,living_room,dining_room,0.01525325375113985,0.989247311827957,186,0.01525325375113985
RPLAN,wall,dining_room,living_room,0.989247311827957,0.989247311827957,186,0.01525325375113985
RPLAN,wall,living_room,study,0.18710105280610131,0.9894782989916703,2281,0.18726684904252675
RPLAN,wall,study,living_room,0.9894875164257556,0.9894782989916703,2281,0.18726684904252675
RPLAN,wall,living_room,storage,0.03697256072287159,0.9139344262295082,488,0.03730415319572246
RPLAN,wall,storage,living_room,0.9109311740890689,0.9139344262295082,488,0.03730415319572246
RPLAN,wall,living_room,closet,0.01185443090441847,0.89375,160,0.01210312525905662
RPLAN,wall,closet,living_room,0.8902439024390244,0.89375,160,0.01210312525905662
RPLAN,wall,kitchen,kitchen,0.0027605244996549345,0.6153846153846154,26,0.0013263698914034651
RPLAN,wall,kitchen,bedroom,0.4338336783988958,0.4342412451361868,11565,0.45552515957887757
RPLAN,wall,bedroom,kitchen,0.1983739837398374,0.4342412451361868,11565,0.45552515957887757
RPLAN,wall,kitchen,bathroom,0.3961352657004831,0.3972472299168975,11552,0.38688551769874824
RPLAN,wall,bathroom,kitchen,0.31993414734531483,0.3972472299168975,11552,0.38688551769874824
RPLAN,wall,kitchen,balcony,0.2529330572808834,0.30433880008303926,9634,0.2476166791013844
RPLAN,wall,balcony,kitchen,0.23198198198198197,0.30433880008303926,9634,0.2476166791013844
RPLAN,wall,kitchen,hallway,0.0015527950310559005,0.5,36,0.0014921661278288984
RPLAN,wall,hallway,kitchen,0.5,0.5,36,0.0014921661278288984
RPLAN,wall,kitchen,dining_room,0.014061421670117322,0.9261363636363636,176,0.0135123932686728
RPLAN,wall,dining_room,kitchen,0.8763440860215054,0.9261363636363636,176,0.0135123932686728
RPLAN,wall,kitchen,study,0.061680469289164944,0.3296449976947902,2169,0.05927215452209235
RPLAN,wall,study,kitchen,0.3131844064826982,0.3296449976947902,2169,0.05927215452209235
RPLAN,wall,kitchen,storage,0.011645962732919254,0.29094827586206895,464,0.011191245958716737
RPLAN,wall,storage,kitchen,0.2732793522267207,0.29094827586206895,464,0.011191245958716737
RPLAN,wall,kitchen,closet,0.000862663906142167,0.06666666666666667,150,0.0008289811821271657
RPLAN,wall,closet,kitchen,0.06097560975609756,0.06666666666666667,150,0.0008289811821271657
RPLAN,wall,bedroom,bedroom,0.4872628726287263,0.5270534273337297,11773,0.6066484290806599
RPLAN,wall,bedroom,bathroom,0.5463775971093044,0.8231924960571096,12047,1.3417889413910304
RPLAN,wall,bathroom,bedroom,0.7983948415420496,0.8231924960571096,12047,1.3417889413910304
RPLAN,wall,bedroom,balcony,0.42164408310749774,0.8424821002386634,10056,1.006134460747741
RPLAN,wall,balcony,bedroom,0.7566790928859894,0.8424821002386634,10056,1.006134460747741
RPLAN,wall,bedroom,hallway,0.0008310749774164409,0.4166666666666667,36,0.0019066567188924812
RPLAN,wall,hallway,bedroom,0.4166666666666667,0.4166666666666667,36,0.0019066567188924812
RPLAN,wall,bedroom,dining_room,0.003866305329719964,0.4810810810810811,185,0.008870098648760674
RPLAN,wall,dining_room,bedroom,0.478494623655914,0.4810810810810811,185,0.008870098648760674
RPLAN,wall,bedroom,study,0.05994579945799458,0.6078947368421053,2280,0.13752797811489678
RPLAN,wall,study,bedroom,0.607095926412615,0.6078947368421053,2280,0.13752797811489678
RPLAN,wall,bedroom,storage,0.013080397470641374,0.6147540983606558,488,0.0300091187930034
RPLAN,wall,storage,bedroom,0.6093117408906883,0.6147540983606558,488,0.0300091187930034
RPLAN,wall,bedroom,closet,0.006684733514001806,0.9125,160,0.015501948105777999
RPLAN,wall,closet,bedroom,0.9146341463414634,0.9125,160,0.015501948105777999
RPLAN,wall,bathroom,bathroom,0.101797228700782,0.294866693195384,2513,0.06167619995026113
RPLAN,wall,bathroom,balcony,0.09034161064617917,0.12935670185222067,10042,0.11025449722291304
RPLAN,wall,balcony,bathroom,0.10228331780055917,0.12935670185222067,10042,0.11025449722291304
RPLAN,wall,bathroom,hallway,0.0009603512141583208,0.3888888888888889,36,0.001160573654978032
RPLAN,wall,hallway,bathroom,0.3888888888888889,0.3888888888888889,36,0.001160573654978032
RPLAN,wall,bathroom,dining_room,0.005487721223761833,0.41397849462365593,186,0.0066318494570173254
RPLAN,wall,dining_room,bathroom,0.41397849462365593,0.41397849462365593,186,0.0066318494570173254
RPLAN,wall,bathroom,study,0.05823844148717245,0.34210526315789475,2280,0.07038050236259637
RPLAN,wall,study,bathroom,0.3416557161629435,0.34210526315789475,2280,0.07038050236259637
RPLAN,wall,bathroom,storage,0.010015091233365345,0.2915811088295688,487,0.012186023377269336
RPLAN,wall,storage,bathroom,0.2894736842105263,0.2915811088295688,487,0.012186023377269336
RPLAN,wall,bathroom,closet,0.0039785978872273284,0.35625,160,0.004808090856337561
RPLAN,wall,closet,bathroom,0.3475609756097561,0.35625,160,0.004808090856337561
RPLAN,wall,balcony,balcony,0.03409443926685306,0.07994132746607994,2727,0.01832048412501036
RPLAN,wall,balcony,hallway,0.0,0.0,23,0.0
RPLAN,wall,hallway,balcony,0.0,0.0,23,0.0
RPLAN,wall,balcony,dining_room,0.0010872941907424667,0.1262135922330097,103,0.001160573654978032
RPLAN,wall,dining_room,balcony,0.06989247311827956,0.1262135922330097,103,0.001160573654978032
RPLAN,wall,balcony,study,0.036346691519105315,0.2549559471365639,1816,0.038796319323551355
RPLAN,wall,study,balcony,0.20280332895313186,0.2549559471365639,1816,0.038796319323551355
RPLAN,wall,balcony,storage,0.0015532774153463808,0.05555555555555555,360,0.0016579623642543314
RPLAN,wall,storage,balcony,0.04048582995951417,0.05555555555555555,360,0.0016579623642543314
RPLAN,wall,balcony,closet,0.00031065548306927616,0.04040404040404041,99,0.0003315924728508663
RPLAN,wall,closet,balcony,0.024390243902439025,0.04040404040404041,99,0.0003315924728508663
RPLAN,wall,hallway,hallway,0.0,,0,0.0
RPLAN,wall,hallway,dining_room,0.0,,0,0.0
RPLAN,wall,dining_room,hallway,0.0,,0,0.0
RPLAN,wall,hallway,study,0.0,0.0,4,0.0
RPLAN,wall,study,hallway,0.0,0.0,4,0.0
RPLAN,wall,hallway,storage,0.05555555555555555,1.0,2,0.00016579623642543314
RPLAN,wall,storage,hallway,0.004048582995951417,1.0,2,0.00016579623642543314
RPLAN,wall,hallway,closet,0.0,,0,0.0
RPLAN,wall,closet,hallway,0.0,,0,0.0
RPLAN,wall,dining_room,dining_room,0.0,,0,0.0
RPLAN,wall,dining_room,study,0.06989247311827956,0.48148148148148145,27,0.0010776755367653155
RPLAN,wall,study,dining_room,0.0056942619360490585,0.48148148148148145,27,0.0010776755367653155
RPLAN,wall,dining_room,storage,0.016129032258064516,0.375,8,0.0002486943546381497
RPLAN,wall,storage,dining_room,0.006072874493927126,0.375,8,0.0002486943546381497
RPLAN,wall,dining_room,closet,0.005376344086021506,0.5,2,8.289811821271657e-05
RPLAN,wall,closet,dining_room,0.006097560975609756,0.5,2,8.289811821271657e-05
RPLAN,wall,study,study,0.0008760402978537013,0.5,2,8.289811821271657e-05
RPLAN,wall,study,storage,0.010074463425317565,0.3333333333333333,69,0.0019066567188924812
RPLAN,wall,storage,study,0.0465587044534413,0.3333333333333333,69,0.0019066567188924812
RPLAN,wall,study,closet,0.0056942619360490585,0.3170731707317073,41,0.0010776755367653155
RPLAN,wall,closet,study,0.07926829268292683,0.3170731707317073,41,0.0010776755367653155
RPLAN,wall,storage,storage,0.008097165991902834,0.3333333333333333,6,0.00016579623642543314
RPLAN,wall,storage,closet,0.004048582995951417,0.3333333333333333,6,0.00016579623642543314
RPLAN,wall,closet,storage,0.012195121951219513,0.3333333333333333,6,0.00016579623642543314
RPLAN,wall,closet,closet,0.024390243902439025,0.6666666666666666,3,0.00016579623642543314
Swiss Dwellings,wall,living_room,living_room,0.0037661900241893506,0.6233766233766234,77,0.001452060644885757
Swiss Dwellings,wall,living_room,kitchen,0.7875623870908478,0.791160323237308,32422,0.5495195387572069
Swiss Dwellings,wall,kitchen,living_room,0.5826723473688982,0.791160323237308,32422,0.5495195387572069
Swiss Dwellings,wall,living_room,bedroom,0.6473560121252947,0.6926739565888418,30453,0.5844117019004912
Swiss Dwellings,wall,bedroom,living_room,0.2589310230554372,0.6926739565888418,30453,0.5844117019004912
Swiss Dwellings,wall,living_room,bathroom,0.4243546954897578,0.4269489537682859,32402,0.3385223147554986
Swiss Dwellings,wall,bathroom,living_room,0.2315807931729842,0.4269489537682859,32402,0.3385223147554986
Swiss Dwellings,wall,living_room,balcony,0.8314094124131174,0.9184005973999525,29461,0.6103993166773436
Swiss Dwellings,wall,balcony,living_room,0.5890917351617033,0.9184005973999525,29461,0.6103993166773436
Swiss Dwellings,wall,living_room,hallway,0.9250130132582136,0.9640032025620496,31225,0.7427076660260516
Swiss Dwellings,wall,hallway,living_room,0.6504345220257717,0.9640032025620496,31225,0.7427076660260516
Swiss Dwellings,wall,living_room,dining_room,0.021709176643497963,0.7540106951871658,935,0.015139867606235318
Swiss Dwellings,wall,dining_room,living_room,0.5361216730038023,0.7540106951871658,935,0.015139867606235318
Swiss Dwellings,wall,living_room,study,0.0,0.0,7,0.0
Swiss Dwellings,wall,study,living_room,0.0,0.0,7,0.0
Swiss Dwellings,wall,living_room,storage,0.10147279463547568,0.3420726672171759,9688,0.07431133888532991
Swiss Dwellings,wall,storage,living_room,0.2424411313919465,0.3420726672171759,9688,0.07431133888532991
Swiss Dwellings,wall,living_room,outdoor,0.0078079549281974345,0.9042553191489362,282,0.0058509502455690796
Swiss Dwellings,wall,outdoor,living_room,0.7527472527472527,0.9042553191489362,282,0.0058509502455690796
Swiss Dwellings,wall,living_room,other,0.0009798217949110505,0.7272727272727273,44,0.0008114456544949818
Swiss Dwellings,wall,other,living_room,0.5205479452054794,0.7272727272727273,44,0.0008114456544949818
Swiss Dwellings,wall,kitchen,kitchen,0.0014050673072564927,0.5636363636363636,55,0.000661968823403801
Swiss Dwellings,wall,kitchen,bedroom,0.4676834519331007,0.4900947664174484,41998,0.49604954089259023
Swiss Dwellings,wall,bedroom,kitchen,0.21991194432609004,0.4900947664174484,41998,0.49604954089259023
Swiss Dwellings,wall,kitchen,bathroom,0.5298463490912387,0.5320908614522339,43891,0.5370916079436259
Swiss Dwellings,wall,bathroom,kitchen,0.36747815413391005,0.5320908614522339,43891,0.5370916079436259
Swiss Dwellings,wall,kitchen,balcony,0.3071431808910846,0.34830591511525966,38782,0.2914798206278027
Swiss Dwellings,wall,balcony,kitchen,0.28140101606707696,0.34830591511525966,38782,0.2914798206278027
Swiss Dwellings,wall,kitchen,hallway,0.7430993065312967,0.7785977859778598,42005,0.7236173393124066
Swiss Dwellings,wall,hallway,kitchen,0.6340088402756967,0.7785977859778598,42005,0.7236173393124066
Swiss Dwellings,wall,kitchen,dining_room,0.02440737886960069,0.8226299694189603,1308,0.023126201153106984
Swiss Dwellings,wall,dining_room,kitchen,0.823574144486692,0.8226299694189603,1308,0.023126201153106984
Swiss Dwellings,wall,kitchen,study,0.0,0.0,7,0.0
Swiss Dwellings,wall,study,kitchen,0.0,0.0,7,0.0
Swiss Dwellings,wall,kitchen,storage,0.059760685310247925,0.22315521628498727,11790,0.05942771727525091
Swiss Dwellings,wall,storage,kitchen,0.1938832381217779,0.22315521628498727,11790,0.05942771727525091
Swiss Dwellings,wall,kitchen,outdoor,0.0017223405701853782,0.24918032786885247,305,0.0016228913089899636
Swiss Dwellings,wall,outdoor,kitchen,0.2087912087912088,0.24918032786885247,305,0.0016228913089899636
Swiss Dwellings,wall,kitchen,other,0.00020396138331142636,0.1956521739130435,46,0.00019218449711723255
Swiss Dwellings,wall,other,kitchen,0.1232876712328767,0.1956521739130435,46,0.00019218449711723255
Swiss Dwellings,wall,bedroom,bedroom,0.6773280310561947,0.7999206034140532,35266,0.9077514413837284
Swiss Dwellings,wall,bedroom,bathroom,0.384699143114141,0.7043948458352508,43460,0.9080931027119368
Swiss Dwellings,wall,bathroom,bedroom,0.5413391004471462,0.7043948458352508,43460,0.9080931027119368
Swiss Dwellings,wall,bedroom,balcony,0.29987217724755005,0.5707558338375733,38011,0.6841981635703609
Swiss Dwellings,wall,balcony,bedroom,0.5042542645904754,0.5707558338375733,38011,0.6841981635703609
Swiss Dwellings,wall,bedroom,hallway,0.8898073190361218,0.9516690510252742,41940,2.079115951313261
Swiss Dwellings,wall,hallway,bedroom,0.8401445909499551,0.9516690510252742,41940,2.079115951313261
Swiss Dwellings,wall,bedroom,dining_room,0.0076977702030961515,0.5400641025641025,1248,0.017360666239590008
Swiss Dwellings,wall,dining_room,bedroom,0.5125475285171103,0.5400641025641025,1248,0.017360666239590008
Swiss Dwellings,wall,bedroom,study,6.627846423330019e-05,1.0,7,0.00014947683109118088
Swiss Dwellings,wall,study,bedroom,1.0,1.0,7,0.00014947683109118088
Swiss Dwellings,wall,bedroom,storage,0.069990058230365,0.5255003768528599,11941,0.1654494981849242
Swiss Dwellings,wall,storage,bedroom,0.4849519297756723,0.5255003768528599,11941,0.1654494981849242
Swiss Dwellings,wall,bedroom,outdoor,0.0015717464375325475,0.45054945054945056,273,0.0036515054452274185
Swiss Dwellings,wall,outdoor,bedroom,0.3598901098901099,0.45054945054945056,273,0.0036515054452274185
Swiss Dwellings,wall,bedroom,other,0.00026511385693320076,0.4782608695652174,46,0.0006192611573777493
Swiss Dwellings,wall,other,bedroom,0.3150684931506849,0.4782608695652174,46,0.0006192611573777493
Swiss Dwellings,wall,bathroom,bathroom,0.3400356547914779,0.5346925353502138,21287,0.25671578048259663
Swiss Dwellings,wall,bathroom,balcony,0.029181401057953648,0.04545106936195162,39229,0.0427290198590647
Swiss Dwellings,wall,balcony,bathroom,0.03756556936929495,0.04545106936195162,39229,0.0427290198590647
Swiss Dwellings,wall,bathroom,hallway,0.9145161761697402,0.9790551762317771,43352,1.39259021994448
Swiss Dwellings,wall,hallway,bathroom,0.8836529817201079,0.9790551762317771,43352,1.39259021994448
Swiss Dwellings,wall,bathroom,dining_room,0.0038138936785808222,0.1685823754789272,1305,0.005573350416399744
Swiss Dwellings,wall,dining_room,bathroom,0.16730038022813687,0.1685823754789272,1305,0.005573350416399744
Swiss Dwellings,wall,bathroom,study,0.0001022883362071485,0.5714285714285714,7,0.00014947683109118088
Swiss Dwellings,wall,study,bathroom,0.5714285714285714,0.5714285714285714,7,0.00014947683109118088
Swiss Dwellings,wall,bathroom,storage,0.08522079668001285,0.44231396866840733,12256,0.1268417680973735
Swiss Dwellings,wall,storage,bathroom,0.3916678277831963,0.44231396866840733,12256,0.1268417680973735
Swiss Dwellings,wall,bathroom,outdoor,0.0004383785837449221,0.09119496855345911,318,0.0006406149903907751
Swiss Dwellings,wall,outdoor,bathroom,0.07967032967032966,0.09119496855345911,318,0.0006406149903907751
Swiss Dwellings,wall,bathroom,other,0.0002484145307887892,0.30357142857142855,56,0.0003843689942344651
Swiss Dwellings,wall,other,bathroom,0.2465753424657534,0.30357142857142855,56,0.0003843689942344651
Swiss Dwellings,wall,balcony,balcony,0.036016686630044197,0.10398396391881734,7982,0.01923980354473628
Swiss Dwellings,wall,balcony,hallway,0.019867002602123002,0.024860063595511524,38053,0.02092675635276532
Swiss Dwellings,wall,hallway,balcony,0.018167515732694036,0.024860063595511524,38053,0.02092675635276532
Swiss Dwellings,wall,balcony,dining_room,0.010738920325471893,0.43936731107205623,1138,0.011103993166773437
Swiss Dwellings,wall,dining_room,balcony,0.38022813688212925,0.43936731107205623,1138,0.011103993166773437
Swiss Dwellings,wall,balcony,study,0.0,0.0,7,0.0
Swiss Dwellings,wall,study,balcony,0.0,0.0,7,0.0
Swiss Dwellings,wall,balcony,storage,0.017017058361901614,0.07231293737663735,11146,0.018641896220371556
Swiss Dwellings,wall,storage,balcony,0.05998327992197297,0.07231293737663735,11146,0.018641896220371556
Swiss Dwellings,wall,balcony,outdoor,0.00035108008756350417,0.24242424242424243,66,0.00036301516122143925
Swiss Dwellings,wall,outdoor,balcony,0.04395604395604396,0.24242424242424243,66,0.00036301516122143925
Swiss Dwellings,wall,balcony,other,4.130353971335344e-05,0.03225806451612903,31,4.2707666026051675e-05
Swiss Dwellings,wall,other,balcony,0.0273972602739726,0.03225806451612903,31,4.2707666026051675e-05
Swiss Dwellings,wall,hallway,hallway,0.1922572670062931,0.5536295951605398,8596,0.1222293401665599
Swiss Dwellings,wall,hallway,dining_room,0.017025022475277193,0.6286388670338316,1271,0.019410634208840486
Swiss Dwellings,wall,dining_room,hallway,0.6076045627376426,0.6286388670338316,1271,0.019410634208840486
Swiss Dwellings,wall,hallway,study,0.0001311057836379982,1.0,7,0.00014947683109118088
Swiss Dwellings,wall,study,hallway,1.0,1.0,7,0.00014947683109118088
Swiss Dwellings,wall,hallway,storage,0.20559259814204375,0.8552675033025099,12112,0.2523809523809524
Swiss Dwellings,wall,storage,hallway,0.7856346662951094,0.8552675033025099,12112,0.2523809523809524
Swiss Dwellings,wall,hallway,outdoor,0.0006929877135151333,0.11612903225806452,310,0.0007900918214819561
Swiss Dwellings,wall,outdoor,hallway,0.0989010989010989,0.11612903225806452,310,0.0007900918214819561
Swiss Dwellings,wall,hallway,other,0.0007304465088402757,0.8222222222222222,45,0.0008541533205210335
Swiss Dwellings,wall,other,hallway,0.5205479452054794,0.8222222222222222,45,0.0008541533205210335
Swiss Dwellings,wall,dining_room,dining_room,0.009125475285171103,0.8571428571428571,7,0.00012812299807815503
Swiss Dwellings,wall,dining_room,study,0.0,,0,0.0
Swiss Dwellings,wall,study,dining_room,0.0,,0,0.0
Swiss Dwellings,wall,dining_room,storage,0.0844106463878327,0.17845659163987138,622,0.002647875293615204
Swiss Dwellings,wall,storage,dining_room,0.008638706980632576,0.17845659163987138,622,0.002647875293615204
Swiss Dwellings,wall,dining_room,outdoor,0.0045627376425855515,0.3,20,0.00012812299807815503
Swiss Dwellings,wall,outdoor,dining_room,0.016483516483516484,0.3,20,0.00012812299807815503
Swiss Dwellings,wall,dining_room,other,0.0,,0,0.0
Swiss Dwellings,wall,other,dining_room,0.0,,0,0.0
Swiss Dwellings,wall,study,study,0.0,,0,0.0
Swiss Dwellings,wall,study,storage,0.42857142857142855,0.75,4,6.406149903907751e-05
Swiss Dwellings,wall,storage,study,0.0002090009753378849,0.75,4,6.406149903907751e-05
Swiss Dwellings,wall,study,outdoor,0.0,,0,0.0
Swiss Dwellings,wall,outdoor,study,0.0,,0,0.0
Swiss Dwellings,wall,study,other,0.0,,0,0.0
Swiss Dwellings,wall,other,study,0.0,,0,0.0
Swiss Dwellings,wall,storage,storage,0.07670335794900376,0.3338139870223504,1387,0.014200298953662182
Swiss Dwellings,wall,storage,outdoor,0.0017416747944823743,0.22641509433962265,106,0.000533845825325646
Swiss Dwellings,wall,outdoor,storage,0.06593406593406594,0.22641509433962265,106,0.000533845825325646
Swiss Dwellings,wall,storage,other,0.0016023408109237843,0.8571428571428571,21,0.0004911381592995943
Swiss Dwellings,wall,other,storage,0.2465753424657534,0.8571428571428571,21,0.0004911381592995943
Swiss Dwellings,wall,outdoor,outdoor,0.08791208791208792,0.5333333333333333,30,0.0003416613282084134
Swiss Dwellings,wall,outdoor,other,0.0,,0,0.0
Swiss Dwellings,wall,other,outdoor,0.0,,0,0.0
Swiss Dwellings,wall,other,other,0.1917808219178082,0.875,8,0.00014947683109118088
Swiss Dwellings,door,living_room,living_room,0.0009798217949110505,0.2077922077922078,77,0.0003416613282084134
Swiss Dwellings,door,living_room,kitchen,0.21099849964787654,0.21247918080315836,32422,0.14714926329276104
Swiss Dwellings,door,kitchen,living_room,0.15616643248878212,0.21247918080315836,32422,0.14714926329276104
Swiss Dwellings,door,living_room,bedroom,0.20273125325331456,0.21741700325091123,30453,0.18043988896006832
Swiss Dwellings,door,bedroom,living_room,0.08000757468162667,0.21741700325091123,30453,0.18043988896006832
Swiss Dwellings,door,living_room,bathroom,0.08303989711871153,0.08369853712733782,32402,0.06361306854580397
Swiss Dwellings,door,bathroom,living_room,0.04353099336587077,0.08369853712733782,32402,0.06361306854580397
Swiss Dwellings,door,living_room,balcony,0.8330016228298478,0.9204032449679237,29461,0.6061926115737775
Swiss Dwellings,door,balcony,living_room,0.5859320143736318,0.9204032449679237,29461,0.6061926115737775
Swiss Dwellings,door,living_room,hallway,0.4607305796258305,0.48073658927141716,31225,0.33576767029681825
Swiss Dwellings,door,hallway,living_room,0.29410773149535513,0.48073658927141716,31225,0.33576767029681825
Swiss Dwellings,door,living_room,dining_room,0.0055727364585566,0.1946524064171123,935,0.0038863976083707025
Swiss Dwellings,door,dining_room,living_room,0.13840304182509505,0.1946524064171123,935,0.0038863976083707025
Swiss Dwellings,door,living_room,study,0.0,0.0,7,0.0
Swiss Dwellings,door,study,living_room,0.0,0.0,7,0.0
Swiss Dwellings,door,living_room,storage,0.02630209130714351,0.08866639141205615,9688,0.019111680546658124
Swiss Dwellings,door,storage,living_room,0.062351957642469,0.08866639141205615,9688,0.019111680546658124
Swiss Dwellings,door,living_room,outdoor,0.00740990232401482,0.8581560283687943,282,0.005274396754217382
Swiss Dwellings,door,outdoor,living_room,0.6785714285714286,0.8581560283687943,282,0.005274396754217382
Swiss Dwellings,door,living_room,other,0.0003980526041826143,0.29545454545454547,44,0.0002775998291693359
Swiss Dwellings,door,other,living_room,0.1780821917808219,0.29545454545454547,44,0.0002775998291693359
Swiss Dwellings,door,kitchen,kitchen,0.00018129900738793456,0.07272727272727272,55,8.541533205210335e-05
Swiss Dwellings,door,kitchen,bedroom,0.05681457644019399,0.05964569741416258,41998,0.05447362801622891
Swiss Dwellings,door,bedroom,kitchen,0.024153766037021258,0.05964569741416258,41998,0.05447362801622891
Swiss Dwellings,door,kitchen,bathroom,0.0185604858813398,0.01865986193069194,43891,0.017723681400811445
Swiss Dwellings,door,bathroom,kitchen,0.012128474150276179,0.01865986193069194,43891,0.017723681400811445
Swiss Dwellings,door,kitchen,balcony,0.22490141866473282,0.25473157650456396,38782,0.2121503309844117
Swiss Dwellings,door,balcony,kitchen,0.20467969104952294,0.25473157650456396,38782,0.2121503309844117
Swiss Dwellings,door,kitchen,hallway,0.5183111997461813,0.5435067253898346,42005,0.489259021994448
Swiss Dwellings,door,hallway,kitchen,0.428547347917291,0.5435067253898346,42005,0.489259021994448
Swiss Dwellings,door,kitchen,dining_room,0.006640076145583103,0.22400611620795108,1308,0.00625667307281657
Swiss Dwellings,door,dining_room,kitchen,0.22281368821292777,0.22400611620795108,1308,0.00625667307281657
Swiss Dwellings,door,kitchen,study,0.0,0.0,7,0.0
Swiss Dwellings,door,study,kitchen,0.0,0.0,7,0.0
Swiss Dwellings,door,kitchen,storage,0.017631328468476634,0.06598812553011027,11790,0.0172752509075379
Swiss Dwellings,door,storage,kitchen,0.05636059634944963,0.06598812553011027,11790,0.0172752509075379
Swiss Dwellings,door,kitchen,outdoor,0.0009744821647101482,0.14098360655737704,305,0.0009182148195601111
Swiss Dwellings,door,outdoor,kitchen,0.11813186813186813,0.14098360655737704,305,0.0009182148195601111
Swiss Dwellings,door,kitchen,other,0.00015863663146444272,0.15217391304347827,46,0.00014947683109118088
Swiss Dwellings,door,other,kitchen,0.0958904109589041,0.15217391304347827,46,0.00014947683109118088
Swiss Dwellings,door,bedroom,bedroom,0.04831700042607584,0.06351726875744343,35266,0.06017510143070681
Swiss Dwellings,door,bedroom,bathroom,0.03449320645741609,0.07641509433962264,43460,0.07956438180653427
Swiss Dwellings,door,bathroom,bedroom,0.05089575357278546,0.07641509433962264,43460,0.07956438180653427
Swiss Dwellings,door,bedroom,balcony,0.22277138664015528,0.4609455157717503,38011,0.504975443092035
Swiss Dwellings,door,balcony,bedroom,0.40270951220519596,0.4609455157717503,38011,0.504975443092035
Swiss Dwellings,door,bedroom,hallway,0.8586469724944373,0.9235097758702909,41940,1.948878923766816
Swiss Dwellings,door,hallway,bedroom,0.7795737189091999,0.9235097758702909,41940,1.948878923766816
Swiss Dwellings,door,bedroom,dining_room,0.002243999431898878,0.14262820512820512,1248,0.005060858424087124
Swiss Dwellings,door,dining_room,bedroom,0.13536121673003804,0.14262820512820512,1248,0.005060858424087124
Swiss Dwellings,door,bedroom,study,0.0,0.0,7,0.0
Swiss Dwellings,door,study,bedroom,0.0,0.0,7,0.0
Swiss Dwellings,door,bedroom,storage,0.007925010651896037,0.0640649861820618,11941,0.019197095878710227
Swiss Dwellings,door,storage,bedroom,0.05991361293019368,0.0640649861820618,11941,0.019197095878710227
Swiss Dwellings,door,bedroom,outdoor,0.0010509870756994744,0.3076923076923077,273,0.002370275464445868
Swiss Dwellings,door,outdoor,bedroom,0.23351648351648352,0.3076923076923077,273,0.002370275464445868
Swiss Dwellings,door,bedroom,other,0.00017043033659991478,0.30434782608695654,46,0.0003843689942344651
Swiss Dwellings,door,other,bedroom,0.1917808219178082,0.30434782608695654,46,0.0003843689942344651
Swiss Dwellings,door,bathroom,bathroom,0.018148873367039776,0.026964814205853338,21287,0.013922699124492847
Swiss Dwellings,door,bathroom,balcony,0.0029663617500073065,0.005047286446251497,39229,0.004377535767670297
Swiss Dwellings,door,balcony,bathroom,0.0041303539713353436,0.005047286446251497,39229,0.004377535767670297
Swiss Dwellings,door,bathroom,hallway,0.8868252622965193,0.9632542904594944,43352,1.2963484945547725
Swiss Dwellings,door,hallway,bathroom,0.8363987114174408,0.9632542904594944,43352,1.2963484945547725
Swiss Dwellings,door,bathroom,dining_room,0.0009352076453225005,0.03371647509578544,1305,0.0013666453128336536
Swiss Dwellings,door,dining_room,bathroom,0.033460076045627375,0.03371647509578544,1305,0.0013666453128336536
Swiss Dwellings,door,bathroom,study,4.3837858374492213e-05,0.42857142857142855,7,6.406149903907751e-05
Swiss Dwellings,door,study,bathroom,0.42857142857142855,0.42857142857142855,7,6.406149903907751e-05
Swiss Dwellings,door,bathroom,storage,0.007598562118245317,0.040959530026109664,12256,0.011381592995942772
Swiss Dwellings,door,storage,bathroom,0.03608750174167479,0.040959530026109664,12256,0.011381592995942772
Swiss Dwellings,door,bathroom,outdoor,0.0,0.0,318,0.0
Swiss Dwellings,door,outdoor,bathroom,0.0,0.0,318,0.0
Swiss Dwellings,door,bathroom,other,0.00016073881403980478,0.19642857142857142,56,0.00023489216314328423
Swiss Dwellings,door,other,bathroom,0.1506849315068493,0.19642857142857142,56,0.00023489216314328423
Swiss Dwellings,door,balcony,balcony,0.003676015034488456,0.010774242044600351,7982,0.001964552637198377
Swiss Dwellings,door,balcony,hallway,0.014559497748957085,0.018264000210233097,38053,0.015118513773222294
Swiss Dwellings,door,hallway,balcony,0.013148037159124963,0.018264000210233097,38053,0.015118513773222294
Swiss Dwellings,door,balcony,dining_room,0.008405270331667424,0.34973637961335674,1138,0.008691010036301516
Swiss Dwellings,door,dining_room,balcony,0.3026615969581749,0.34973637961335674,1138,0.008691010036301516
Swiss Dwellings,door,balcony,study,0.0,0.0,7,0.0
Swiss Dwellings,door,study,balcony,0.0,0.0,7,0.0
Swiss Dwellings,door,balcony,storage,0.01245301722357606,0.053561815898080026,11146,0.013474268631219304
Swiss Dwellings,door,storage,balcony,0.04395987181273513,0.053561815898080026,11146,0.013474268631219304
Swiss Dwellings,door,balcony,outdoor,0.0,0.0,66,0.0
Swiss Dwellings,door,outdoor,balcony,0.0,0.0,66,0.0
Swiss Dwellings,door,balcony,other,0.0,0.0,31,0.0
Swiss Dwellings,door,other,balcony,0.0,0.0,31,0.0
Swiss Dwellings,door,hallway,hallway,0.13966511836979323,0.40472312703583063,8596,0.08473200939568652
Swiss Dwellings,door,hallway,dining_room,0.00606832484267306,0.22029897718332023,1271,0.006918641896220372
Swiss Dwellings,door,dining_room,hallway,0.21292775665399238,0.22029897718332023,1271,0.006918641896220372
Swiss Dwellings,door,hallway,study,0.0001311057836379982,1.0,7,0.00014947683109118088
Swiss Dwellings,door,study,hallway,1.0,1.0,7,0.00014947683109118088
Swiss Dwellings,door,hallway,storage,0.18455948456697632,0.797225891677675,12112,0.22077727952167414
Swiss Dwellings,door,storage,hallway,0.7195903580883377,0.797225891677675,12112,0.22077727952167414
Swiss Dwellings,door,hallway,outdoor,0.0006180701228648487,0.1064516129032258,310,0.0007046764894298527
Swiss Dwellings,door,outdoor,hallway,0.09065934065934066,0.1064516129032258,310,0.0007046764894298527
Swiss Dwellings,door,hallway,other,0.00041204674857656576,0.4888888888888889,45,0.00046978432628656846
Swiss Dwellings,door,other,hallway,0.3013698630136986,0.4888888888888889,45,0.00046978432628656846
Swiss Dwellings,door,dining_room,dining_room,0.009125475285171103,0.8571428571428571,7,0.00012812299807815503
Swiss Dwellings,door,dining_room,study,0.0,,0,0.0
Swiss Dwellings,door,study,dining_room,0.0,,0,0.0
Swiss Dwellings,door,dining_room,storage,0.024334600760456272,0.05144694533762058,622,0.0006833226564168268
Swiss Dwellings,door,storage,dining_room,0.002229343736937439,0.05144694533762058,622,0.0006833226564168268
Swiss Dwellings,door,dining_room,outdoor,0.0,0.0,20,0.0
Swiss Dwellings,door,outdoor,dining_room,0.0,0.0,20,0.0
Swiss Dwellings,door,dining_room,other,0.0,,0,0.0
Swiss Dwellings,door,other,dining_room,0.0,,0,0.0
Swiss Dwellings,door,study,study,0.0,,0,0.0
Swiss Dwellings,door,study,storage,0.42857142857142855,0.75,4,6.406149903907751e-05
Swiss Dwellings,door,storage,study,0.0002090009753378849,0.75,4,6.406149903907751e-05
Swiss Dwellings,door,study,outdoor,0.0,,0,0.0
Swiss Dwellings,door,outdoor,study,0.0,,0,0.0
Swiss Dwellings,door,study,other,0.0,,0,0.0
Swiss Dwellings,door,other,study,0.0,,0,0.0
Swiss Dwellings,door,storage,storage,0.009474710881984117,0.04542177361211247,1387,0.0015588298099508862
Swiss Dwellings,door,storage,outdoor,0.0006966699177929497,0.08490566037735849,106,0.00021353833013025838
Swiss Dwellings,door,outdoor,storage,0.024725274725274724,0.08490566037735849,106,0.00021353833013025838
Swiss Dwellings,door,storage,other,0.0010450048766894246,0.47619047619047616,21,0.00032030749519538755
Swiss Dwellings,door,other,storage,0.136986301369863,0.47619047619047616,21,0.00032030749519538755
Swiss Dwellings,door,outdoor,outdoor,0.0,0.0,30,0.0
Swiss Dwellings,door,outdoor,other,0.0,,0,0.0
Swiss Dwellings,door,other,outdoor,0.0,,0,0.0
Swiss Dwellings,door,other,other,0.1643835616438356,0.75,8,0.00012812299807815503
MagicPlan,wall,living_room,living_room,0.1792667099286178,0.7216981132075472,636,0.0736
MagicPlan,wall,living_room,kitchen,0.4492212848799481,0.7215770996489334,3703,0.2807
MagicPlan,wall,kitchen,living_room,0.5127286441636809,0.7215770996489334,3703,0.2807
MagicPlan,wall,living_room,bedroom,0.4218040233614536,0.7404580152671756,3406,0.3367
MagicPlan,wall,bedroom,living_room,0.26383557261676266,0.7404580152671756,3406,0.3367
MagicPlan,wall,living_room,bathroom,0.33046722907203113,0.4533888503354152,4323,0.2265
MagicPlan,wall,bathroom,living_room,0.21574772304377632,0.4533888503354152,4323,0.2265
MagicPlan,wall,living_room,balcony,0.14925373134328357,0.782646801051709,1141,0.095
MagicPlan,wall,balcony,living_room,0.4300975383186252,0.782646801051709,1141,0.095
MagicPlan,wall,living_room,hallway,0.6083711875405581,0.905966968566862,3754,0.4264
MagicPlan,wall,hallway,living_room,0.42624375407343035,0.905966968566862,3754,0.4264
MagicPlan,wall,living_room,dining_room,0.12800129785853342,0.8159041394335512,918,0.0806
MagicPlan,wall,dining_room,living_room,0.5069490403706155,0.8159041394335512,918,0.0806
MagicPlan,wall,living_room,study,0.04445165476963011,0.5745140388768899,463,0.0283
MagicPlan,wall,study,living_room,0.18308921438082557,0.5745140388768899,463,0.0283
MagicPlan,wall,living_room,storage,0.02465931213497729,0.5648854961832062,262,0.0165
MagicPlan,wall,storage,living_room,0.17849223946784923,0.5648854961832062,262,0.0165
MagicPlan,wall,living_room,garage,0.03504218040233614,0.516209476309227,401,0.0222
MagicPlan,wall,garage,living_room,0.30559540889526543,0.516209476309227,401,0.0222
MagicPlan,wall,living_room,laundry,0.04493835171966256,0.4032983508245877,667,0.028
MagicPlan,wall,laundry,living_room,0.2479489516864175,0.4032983508245877,667,0.028
MagicPlan,wall,living_room,closet,0.10561323815704088,0.5440414507772021,1158,0.0838
MagicPlan,wall,closet,living_room,0.23975409836065573,0.5440414507772021,1158,0.0838
MagicPlan,wall,living_room,outdoor,0.008111615833874108,0.7014925373134329,67,0.0054
MagicPlan,wall,outdoor,living_room,0.4854368932038835,0.7014925373134329,67,0.0054
MagicPlan,wall,living_room,other,0.16499026606099934,0.6334426229508197,1525,0.1233
MagicPlan,wall,other,living_room,0.18392940083604273,0.6334426229508197,1525,0.1233
MagicPlan,wall,kitchen,kitchen,0.10880633603620592,0.84765625,256,0.0425
MagicPlan,wall,kitchen,bedroom,0.2719215538374505,0.4516543527144234,3113,0.1659
MagicPlan,wall,bedroom,kitchen,0.1300383877159309,0.4516543527144234,3113,0.1659
MagicPlan,wall,kitchen,bathroom,0.4529511597209127,0.5731108930323847,4076,0.2552
MagicPlan,wall,bathroom,kitchen,0.24483400254627363,0.5731108930323847,4076,0.2552
MagicPlan,wall,kitchen,balcony,0.08334904770884405,0.3976449275362319,1104,0.0455
MagicPlan,wall,balcony,kitchen,0.2099396191360892,0.3976449275362319,1104,0.0455
MagicPlan,wall,kitchen,hallway,0.539505940033943,0.7642857142857142,3640,0.3155
MagicPlan,wall,hallway,kitchen,0.33499891375190094,0.7642857142857142,3640,0.3155
MagicPlan,wall,kitchen,dining_room,0.17688101074863286,0.8460111317254174,1078,0.0953
MagicPlan,wall,dining_room,kitchen,0.614824619457313,0.8460111317254174,1078,0.0953
MagicPlan,wall,kitchen,study,0.03601734867056383,0.41273584905660377,424,0.0203
MagicPlan,wall,study,kitchen,0.12516644474034622,0.41273584905660377,424,0.0203
MagicPlan,wall,kitchen,storage,0.017725815576089005,0.5227272727272727,176,0.0096
MagicPlan,wall,storage,kitchen,0.10421286031042129,0.5227272727272727,176,0.0096
MagicPlan,wall,kitchen,garage,0.02715444088251933,0.3983050847457627,354,0.0145
MagicPlan,wall,garage,kitchen,0.20373027259684362,0.3983050847457627,354,0.0145
MagicPlan,wall,kitchen,laundry,0.07995474259852914,0.7079796264855688,589,0.0429
MagicPlan,wall,laundry,kitchen,0.3846855059252507,0.7079796264855688,589,0.0429
MagicPlan,wall,kitchen,closet,0.08127475014142937,0.4606986899563319,916,0.0497
MagicPlan,wall,closet,kitchen,0.14373536299765807,0.4606986899563319,916,0.0497
MagicPlan,wall,kitchen,outdoor,0.0058457476899867996,0.5254237288135594,59,0.0031
MagicPlan,wall,outdoor,kitchen,0.30097087378640774,0.5254237288135594,59,0.0031
MagicPlan,wall,kitchen,other,0.17216669809541768,0.6146408839779005,1448,0.1114
MagicPlan,wall,other,kitchen,0.1686019507663725,0.6146408839779005,1448,0.1114
MagicPlan,wall,bedroom,bedroom,0.5297504798464492,0.6887987835783071,3946,0.3951
MagicPlan,wall,bedroom,bathroom,0.43402111324376197,0.7391690340909091,5632,0.5955
MagicPlan,wall,bathroom,bedroom,0.49828616198217607,0.7391690340909091,5632,0.5955
MagicPlan,wall,bedroom,balcony,0.09628918746001279,0.6191762322754896,1481,0.1234
MagicPlan,wall,balcony,bedroom,0.465861588481189,0.6191762322754896,1481,0.1234
MagicPlan,wall,bedroom,hallway,0.6352367242482405,0.9066407934454507,4638,0.8417
MagicPlan,wall,hallway,bedroom,0.5140126004779492,0.9066407934454507,4638,0.8417
MagicPlan,wall,bedroom,dining_room,0.046625079974408186,0.6164978292329957,691,0.0595
MagicPlan,wall,dining_room,bedroom,0.29185969556585045,0.6164978292329957,691,0.0595
MagicPlan,wall,bedroom,study,0.023432501599488165,0.5701559020044543,449,0.03
MagicPlan,wall,study,bedroom,0.17509986684420772,0.5701559020044543,449,0.03
MagicPlan,wall,bedroom,storage,0.008637236084452975,0.4729064039408867,203,0.0115
MagicPlan,wall,storage,bedroom,0.11529933481152993,0.4729064039408867,203,0.0115
MagicPlan,wall,bedroom,garage,0.010876519513755598,0.48132780082987553,241,0.0138
MagicPlan,wall,garage,bedroom,0.17360114777618366,0.48132780082987553,241,0.0138
MagicPlan,wall,bedroom,laundry,0.021833013435700575,0.4112903225806452,620,0.0274
MagicPlan,wall,laundry,bedroom,0.2333637192342753,0.4112903225806452,620,0.0274
MagicPlan,wall,bedroom,closet,0.1369961612284069,0.8037508372404555,1493,0.2131
MagicPlan,wall,closet,bedroom,0.5322014051522248,0.8037508372404555,1493,0.2131
MagicPlan,wall,bedroom,outdoor,0.0031190019193857964,0.576271186440678,59,0.0039
MagicPlan,wall,outdoor,bedroom,0.33980582524271846,0.576271186440678,59,0.0039
MagicPlan,wall,bedroom,other,0.13235764555342291,0.6709905660377359,1696,0.1887
MagicPlan,wall,other,bedroom,0.21582288279919493,0.6709905660377359,1696,0.1887
MagicPlan,wall,bathroom,bathroom,0.264322789148957,0.5734961555857079,2211,0.1502
MagicPlan,wall,bathroom,balcony,0.023504064244442267,0.13254437869822486,1690,0.0242
MagicPlan,wall,balcony,bathroom,0.1072921504876916,0.13254437869822486,1690,0.0242
MagicPlan,wall,bathroom,hallway,0.5723239643521693,0.8730621922305307,5483,0.625
MagicPlan,wall,hallway,bathroom,0.571583749728438,0.8730621922305307,5483,0.625
MagicPlan,wall,bathroom,dining_room,0.0434825188522182,0.388454011741683,1022,0.0445
MagicPlan,wall,dining_room,bathroom,0.26472534745201853,0.388454011741683,1022,0.0445
MagicPlan,wall,bathroom,study,0.03799823719518167,0.4695767195767196,756,0.041
MagicPlan,wall,study,bathroom,0.25432756324900135,0.4695767195767196,756,0.041
MagicPlan,wall,bathroom,storage,0.029478013906571343,0.5807860262008734,458,0.0312
MagicPlan,wall,storage,bathroom,0.31042128603104213,0.5807860262008734,458,0.0312
MagicPlan,wall,bathroom,garage,0.018117716188424247,0.367170626349892,463,0.0191
MagicPlan,wall,garage,bathroom,0.2539454806312769,0.367170626349892,463,0.0191
MagicPlan,wall,bathroom,laundry,0.046910194887866026,0.5422276621787026,817,0.0484
MagicPlan,wall,laundry,bathroom,0.40929808568824066,0.5422276621787026,817,0.0484
MagicPlan,wall,bathroom,closet,0.10351581627656449,0.5658362989323843,1686,0.1238
MagicPlan,wall,closet,bathroom,0.34192037470725994,0.5658362989323843,1686,0.1238
MagicPlan,wall,bathroom,outdoor,0.002840074429536774,0.42028985507246375,69,0.003
MagicPlan,wall,outdoor,bathroom,0.2912621359223301,0.42028985507246375,69,0.003
MagicPlan,wall,bathroom,other,0.17128586818137304,0.6092046830843763,2477,0.204
MagicPlan,wall,other,bathroom,0.280848428549311,0.6092046830843763,2477,0.204
MagicPlan,wall,balcony,balcony,0.02833255921969345,0.11029411764705882,272,0.0031
MagicPlan,wall,balcony,hallway,0.16209939619136088,0.2365290412876137,1429,0.0367
MagicPlan,wall,hallway,balcony,0.03910493156636976,0.2365290412876137,1429,0.0367
MagicPlan,wall,balcony,dining_room,0.07756618671620993,0.6113207547169811,265,0.017
MagicPlan,wall,dining_room,balcony,0.10919920582395765,0.6113207547169811,265,0.017
MagicPlan,wall,balcony,study,0.024616813748258245,0.4094488188976378,127,0.0057
MagicPlan,wall,study,balcony,0.037283621837549935,0.4094488188976378,127,0.0057
MagicPlan,wall,balcony,storage,0.0041802136553646075,0.25,36,0.0009
MagicPlan,wall,storage,balcony,0.009977827050997782,0.25,36,0.0009
MagicPlan,wall,balcony,garage,0.01114723641430562,0.42857142857142855,56,0.0026
MagicPlan,wall,garage,balcony,0.03730272596843615,0.42857142857142855,56,0.0026
MagicPlan,wall,balcony,laundry,0.018114259173246633,0.2765957446808511,141,0.004
MagicPlan,wall,laundry,balcony,0.03646308113035551,0.2765957446808511,141,0.004
MagicPlan,wall,balcony,closet,0.01579191825359963,0.12890625,256,0.0034
MagicPlan,wall,closet,balcony,0.009953161592505855,0.12890625,256,0.0034
MagicPlan,wall,balcony,outdoor,0.00046446818392940084,0.16666666666666666,6,0.0001
MagicPlan,wall,outdoor,balcony,0.009708737864077669,0.16666666666666666,6,0.0001
MagicPlan,wall,balcony,other,0.06734788666976312,0.27689243027888444,502,0.0172
MagicPlan,wall,other,balcony,0.02585539557206998,0.27689243027888444,502,0.0172
MagicPlan,wall,hallway,hallway,0.3446665218335868,0.7522603978300181,1659,0.2343
MagicPlan,wall,hallway,dining_room,0.0914620899413426,0.7565392354124748,994,0.0863
MagicPlan,wall,dining_room,hallway,0.5122435473196558,0.7565392354124748,994,0.0863
MagicPlan,wall,hallway,study,0.06376276341516403,0.8052147239263804,652,0.0712
MagicPlan,wall,study,hallway,0.4347536617842876,0.8052147239263804,652,0.0712
MagicPlan,wall,hallway,storage,0.03399956550076037,0.7506775067750677,369,0.036
MagicPlan,wall,storage,hallway,0.3625277161862528,0.7506775067750677,369,0.036
MagicPlan,wall,hallway,garage,0.03660656093851836,0.6605080831408776,433,0.0344
MagicPlan,wall,garage,hallway,0.4232424677187948,0.6605080831408776,433,0.0344
MagicPlan,wall,hallway,laundry,0.04670866825983055,0.5716374269005848,684,0.0436
MagicPlan,wall,laundry,hallway,0.3609845031905196,0.5716374269005848,684,0.0436
MagicPlan,wall,hallway,closet,0.12209428633499891,0.7366573033707865,1424,0.1406
MagicPlan,wall,closet,hallway,0.39227166276346603,0.7366573033707865,1424,0.1406
MagicPlan,wall,hallway,outdoor,0.001955246578318488,0.32727272727272727,55,0.0019
MagicPlan,wall,outdoor,hallway,0.18446601941747573,0.32727272727272727,55,0.0019
MagicPlan,wall,hallway,other,0.19324353682381057,0.7810473815461346,2005,0.2417
MagicPlan,wall,other,hallway,0.3413841151881096,0.7810473815461346,2005,0.2417
MagicPlan,wall,dining_room,dining_room,0.09397749834546658,0.7012987012987013,77,0.0109
MagicPlan,wall,dining_room,study,0.033752481800132364,0.34965034965034963,143,0.0051
MagicPlan,wall,study,dining_room,0.033288948069241014,0.34965034965034963,143,0.0051
MagicPlan,wall,dining_room,storage,0.008603573792190603,0.325,40,0.0013
MagicPlan,wall,storage,dining_room,0.014412416851441241,0.325,40,0.0013
MagicPlan,wall,dining_room,garage,0.03970880211780278,0.34911242603550297,169,0.006
MagicPlan,wall,garage,dining_room,0.08464849354375897,0.34911242603550297,169,0.006
MagicPlan,wall,dining_room,laundry,0.05162144275314361,0.34545454545454546,220,0.0078
MagicPlan,wall,laundry,dining_room,0.06927985414767548,0.34545454545454546,220,0.0078
MagicPlan,wall,dining_room,closet,0.0827266710787558,0.4169611307420495,283,0.0137
MagicPlan,wall,closet,dining_room,0.038056206088992975,0.4169611307420495,283,0.0137
MagicPlan,wall,dining_room,outdoor,0.008603573792190603,0.5909090909090909,22,0.0014
MagicPlan,wall,outdoor,dining_room,0.13592233009708737,0.5909090909090909,22,0.0014
MagicPlan,wall,dining_room,other,0.1555261416280609,0.5252293577981652,436,0.0266
MagicPlan,wall,other,dining_room,0.04040873200185787,0.5252293577981652,436,0.0266
MagicPlan,wall,study,study,0.37616511318242346,0.8080357142857143,224,0.0459
MagicPlan,wall,study,storage,0.05392809587217044,0.5354330708661418,127,0.009
MagicPlan,wall,storage,study,0.08536585365853659,0.5354330708661418,127,0.009
MagicPlan,wall,study,garage,0.02529960053262317,0.42857142857142855,84,0.0038
MagicPlan,wall,garage,study,0.05164992826398852,0.42857142857142855,84,0.0038
MagicPlan,wall,study,laundry,0.02596537949400799,0.3486238532110092,109,0.0039
MagicPlan,wall,laundry,study,0.03463992707383774,0.3486238532110092,109,0.0039
MagicPlan,wall,study,closet,0.0692410119840213,0.4791666666666667,192,0.0121
MagicPlan,wall,closet,study,0.03249414519906323,0.4791666666666667,192,0.0121
MagicPlan,wall,study,outdoor,0.0006657789613848203,0.14285714285714285,7,0.0001
MagicPlan,wall,outdoor,study,0.009708737864077669,0.14285714285714285,7,0.0001
MagicPlan,wall,study,other,0.3122503328894807,0.6884210526315789,475,0.0591
MagicPlan,wall,other,study,0.07013469577333953,0.6884210526315789,475,0.0591
MagicPlan,wall,storage,storage,0.29933481152993346,0.781021897810219,137,0.0178
MagicPlan,wall,storage,garage,0.07095343680709534,0.6506024096385542,83,0.0067
MagicPlan,wall,garage,storage,0.08321377331420372,0.6506024096385542,83,0.0067
MagicPlan,wall,storage,laundry,0.08425720620842572,0.5982905982905983,117,0.0076
MagicPlan,wall,laundry,storage,0.06381039197812215,0.5982905982905983,117,0.0076
MagicPlan,wall,storage,closet,0.06097560975609756,0.366412213740458,131,0.0061
MagicPlan,wall,closet,storage,0.015807962529274005,0.366412213740458,131,0.0061
MagicPlan,wall,storage,outdoor,0.0011086474501108647,1.0,1,0.0001
MagicPlan,wall,outdoor,storage,0.009708737864077669,1.0,1,0.0001
MagicPlan,wall,storage,other,0.4212860310421286,0.7587006960556845,431,0.0473
MagicPlan,wall,other,storage,0.06502554575011611,0.7587006960556845,431,0.0473
MagicPlan,wall,garage,garage,0.13486370157819225,0.7592592592592593,54,0.0056
MagicPlan,wall,garage,laundry,0.133428981348637,0.5174418604651163,172,0.0095
MagicPlan,wall,laundry,garage,0.0829535095715588,0.5174418604651163,172,0.0095
MagicPlan,wall,garage,closet,0.08895265423242468,0.42657342657342656,143,0.0069
MagicPlan,wall,closet,garage,0.01990632318501171,0.42657342657342656,143,0.0069
MagicPlan,wall,garage,outdoor,0.01291248206599713,0.5625,16,0.0011
MagicPlan,wall,outdoor,garage,0.10679611650485436,0.5625,16,0.0011
MagicPlan,wall,garage,other,0.24820659971305595,0.5955882352941176,272,0.0216
MagicPlan,wall,other,garage,0.03173865923517572,0.5955882352941176,272,0.0216
MagicPlan,wall,laundry,laundry,0.053783044667274384,0.7142857142857143,28,0.0035
MagicPlan,wall,laundry,closet,0.10118505013673655,0.42045454545454547,264,0.0129
MagicPlan,wall,closet,laundry,0.03776346604215457,0.42045454545454547,264,0.0129
MagicPlan,wall,laundry,outdoor,0.006381039197812215,0.5,14,0.0007
MagicPlan,wall,outdoor,laundry,0.06796116504854369,0.5,14,0.0007
MagicPlan,wall,laundry,other,0.19781221513217867,0.5819672131147541,366,0.0273
MagicPlan,wall,other,laundry,0.04180213655364608,0.5819672131147541,366,0.0273
MagicPlan,wall,closet,closet,0.23536299765807964,0.4296028880866426,831,0.0459
MagicPlan,wall,closet,outdoor,0.0014637002341920376,0.17647058823529413,17,0.0005
MagicPlan,wall,outdoor,closet,0.02912621359223301,0.17647058823529413,17,0.0005
MagicPlan,wall,closet,other,0.12997658079625293,0.5522151898734177,632,0.0511
MagicPlan,wall,other,closet,0.06518036847809258,0.5522151898734177,632,0.0511
MagicPlan,wall,outdoor,outdoor,0.07766990291262135,0.36363636363636365,11,0.0004
MagicPlan,wall,outdoor,other,0.14563106796116504,0.6521739130434783,23,0.0018
MagicPlan,wall,other,outdoor,0.002786809103576405,0.6521739130434783,23,0.0018
MagicPlan,wall,other,other,0.5471435206688342,0.772318339100346,1445,0.3124
MagicPlan,door,living_room,living_room,0.12151200519143414,0.48742138364779874,636,0.0447
MagicPlan,door,living_room,kitchen,0.3101881894873459,0.5060761544693492,3703,0.1923
MagicPlan,door,kitchen,living_room,0.3564020365830662,0.5060761544693492,3703,0.1923
MagicPlan,door,living_room,bedroom,0.22306943543153795,0.3998825601879037,3406,0.1859
MagicPlan,door,bedroom,living_room,0.1483525271912988,0.3998825601879037,3406,0.1859
MagicPlan,door,living_room,bathroom,0.14600908500973395,0.20495026601896832,4323,0.0987
MagicPlan,door,bathroom,living_room,0.09597492899813927,0.20495026601896832,4323,0.0987
MagicPlan,door,living_room,balcony,0.12848799480856588,0.684487291849255,1141,0.0808
MagicPlan,door,balcony,living_room,0.3715745471435207,0.684487291849255,1141,0.0808
MagicPlan,door,living_room,hallway,0.5627839065541856,0.8489611081513053,3754,0.3708
MagicPlan,door,hallway,living_room,0.3746469693678036,0.8489611081513053,3754,0.3708
MagicPlan,door,living_room,dining_room,0.10188189487345879,0.6623093681917211,918,0.0634
MagicPlan,door,dining_room,living_room,0.4083388484447386,0.6623093681917211,918,0.0634
MagicPlan,door,living_room,study,0.02482154445165477,0.31965442764578833,463,0.0157
MagicPlan,door,study,living_room,0.10119840213049268,0.31965442764578833,463,0.0157
MagicPlan,door,living_room,storage,0.014114211550940947,0.3282442748091603,262,0.0092
MagicPlan,door,storage,living_room,0.1008869179600887,0.3282442748091603,262,0.0092
MagicPlan,door,living_room,garage,0.01881894873458793,0.27680798004987534,401,0.0116
MagicPlan,door,garage,living_room,0.15925394548063126,0.27680798004987534,401,0.0116
MagicPlan,door,living_room,laundry,0.026768332251784554,0.24737631184407796,667,0.0165
MagicPlan,door,laundry,living_room,0.1504102096627165,0.24737631184407796,667,0.0165
MagicPlan,door,living_room,closet,0.055321219987021414,0.2918825561312608,1158,0.0399
MagicPlan,door,closet,living_room,0.11651053864168619,0.2918825561312608,1158,0.0399
MagicPlan,door,living_room,outdoor,0.0053536664503569115,0.4925373134328358,67,0.0034
MagicPlan,door,outdoor,living_room,0.3300970873786408,0.4925373134328358,67,0.0034
MagicPlan,door,living_room,other,0.10674886437378325,0.42032786885245904,1525,0.0749
MagicPlan,door,other,living_room,0.11425917324663261,0.42032786885245904,1525,0.0749
MagicPlan,door,kitchen,kitchen,0.08957194041108807,0.70703125,256,0.0293
MagicPlan,door,kitchen,bedroom,0.09447482557043183,0.15965306778027627,3113,0.062
MagicPlan,door,bedroom,kitchen,0.04950415866922585,0.15965306778027627,3113,0.062
MagicPlan,door,kitchen,bathroom,0.10842919102394871,0.1393523061825319,4076,0.06
MagicPlan,door,bathroom,kitchen,0.05856429340906865,0.1393523061825319,4076,0.06
MagicPlan,door,kitchen,balcony,0.05638317933245333,0.26992753623188404,1104,0.0305
MagicPlan,door,balcony,kitchen,0.14119832791453785,0.26992753623188404,1104,0.0305
MagicPlan,door,kitchen,hallway,0.46256835753347164,0.6590659340659341,3640,0.2552
MagicPlan,door,hallway,kitchen,0.271996524006083,0.6590659340659341,3640,0.2552
MagicPlan,door,kitchen,dining_room,0.14086366207806902,0.6827458256029685,1078,0.0751
MagicPlan,door,dining_room,kitchen,0.49172733289212445,0.6827458256029685,1078,0.0751
MagicPlan,door,kitchen,study,0.01640580803318876,0.2028301886792453,424,0.009
MagicPlan,door,study,kitchen,0.05992010652463382,0.2028301886792453,424,0.009
MagicPlan,door,kitchen,storage,0.010748632849330567,0.32386363636363635,176,0.0057
MagicPlan,door,storage,kitchen,0.06319290465631928,0.32386363636363635,176,0.0057
MagicPlan,door,kitchen,garage,0.011314350367716388,0.16666666666666666,354,0.006
MagicPlan,door,garage,kitchen,0.08464849354375897,0.16666666666666666,354,0.006
MagicPlan,door,kitchen,laundry,0.060154629455025456,0.5365025466893039,589,0.0319
MagicPlan,door,laundry,kitchen,0.2880583409298086,0.5365025466893039,589,0.0319
MagicPlan,door,kitchen,closet,0.03997737129926457,0.2292576419213974,916,0.0228
MagicPlan,door,closet,kitchen,0.06674473067915691,0.2292576419213974,916,0.0228
MagicPlan,door,kitchen,outdoor,0.003960022628700735,0.3559322033898305,59,0.0021
MagicPlan,door,outdoor,kitchen,0.20388349514563106,0.3559322033898305,59,0.0021
MagicPlan,door,kitchen,other,0.11653780878747878,0.4212707182320442,1448,0.0689
MagicPlan,door,other,kitchen,0.10574392320792693,0.4212707182320442,1448,0.0689
MagicPlan,door,bedroom,bedroom,0.10276711452335252,0.13634059807399898,3946,0.0726
MagicPlan,door,bedroom,bathroom,0.14027511196417147,0.2723721590909091,5632,0.1789
MagicPlan,door,bathroom,bedroom,0.1700127313681324,0.2723721590909091,5632,0.1789
MagicPlan,door,bedroom,balcony,0.0531829814459373,0.3923024983119514,1481,0.0669
MagicPlan,door,balcony,bedroom,0.28889921040408734,0.3923024983119514,1481,0.0669
MagicPlan,door,bedroom,hallway,0.5982085732565579,0.8622250970245796,4638,0.756
MagicPlan,door,hallway,bedroom,0.46024331957419073,0.8622250970245796,4638,0.756
MagicPlan,door,bedroom,dining_room,0.028710812539987203,0.3704775687409551,691,0.0363
MagicPlan,door,dining_room,bedroom,0.17339510258107213,0.3704775687409551,691,0.0363
MagicPlan,door,bedroom,study,0.008557261676263596,0.2026726057906459,449,0.0109
MagicPlan,door,study,bedroom,0.061917443408788284,0.2026726057906459,449,0.0109
MagicPlan,door,bedroom,storage,0.0025591810620601407,0.14285714285714285,203,0.0032
MagicPlan,door,storage,bedroom,0.03325942350332594,0.14285714285714285,203,0.0032
MagicPlan,door,bedroom,garage,0.0025591810620601407,0.12863070539419086,241,0.0032
MagicPlan,door,garage,bedroom,0.04447632711621234,0.12863070539419086,241,0.0032
MagicPlan,door,bedroom,laundry,0.006078055022392835,0.11451612903225807,620,0.0077
MagicPlan,door,laundry,bedroom,0.06563354603463993,0.11451612903225807,620,0.0077
MagicPlan,door,bedroom,closet,0.10548624440179143,0.6349631614199598,1493,0.1423
MagicPlan,door,closet,bedroom,0.40456674473067916,0.6349631614199598,1493,0.1423
MagicPlan,door,bedroom,outdoor,0.0011196417146513116,0.2033898305084746,59,0.0014
MagicPlan,door,outdoor,bedroom,0.1262135922330097,0.2033898305084746,59,0.0014
MagicPlan,door,bedroom,other,0.08141394753678823,0.39681603773584906,1696,0.1092
MagicPlan,door,other,bedroom,0.11905867781390309,0.39681603773584906,1696,0.1092
MagicPlan,door,bathroom,bathroom,0.06346097345999413,0.12709181365897784,2211,0.0357
MagicPlan,door,bathroom,balcony,0.004015277641758888,0.023076923076923078,1690,0.0041
MagicPlan,door,balcony,bathroom,0.018114259173246633,0.023076923076923078,1690,0.0041
MagicPlan,door,bathroom,hallway,0.5071981196748604,0.8094109064380813,5483,0.5206
MagicPlan,door,hallway,bathroom,0.4942428850749511,0.8094109064380813,5483,0.5206
MagicPlan,door,bathroom,dining_room,0.0196846538047204,0.18688845401174167,1022,0.0201
MagicPlan,door,dining_room,bathroom,0.12640635340833886,0.18688845401174167,1022,0.0201
MagicPlan,door,bathroom,study,0.010968563314073058,0.13624338624338625,756,0.0112
MagicPlan,door,study,bathroom,0.07057256990679095,0.13624338624338625,756,0.0112
MagicPlan,door,bathroom,storage,0.011360297718147096,0.22489082969432314,458,0.0117
MagicPlan,door,storage,bathroom,0.1164079822616408,0.22489082969432314,458,0.0117
MagicPlan,door,bathroom,garage,0.003721476838703359,0.07991360691144708,463,0.0038
MagicPlan,door,garage,bathroom,0.054519368723098996,0.07991360691144708,463,0.0038
MagicPlan,door,bathroom,laundry,0.014983840955831947,0.1799265605875153,817,0.0153
MagicPlan,door,laundry,bathroom,0.1340018231540565,0.1799265605875153,817,0.0153
MagicPlan,door,bathroom,closet,0.02536480266379395,0.14412811387900357,1686,0.0282
MagicPlan,door,closet,bathroom,0.08196721311475409,0.14412811387900357,1686,0.0282
MagicPlan,door,bathroom,outdoor,0.0004896680050925472,0.07246376811594203,69,0.0006
MagicPlan,door,outdoor,bathroom,0.05825242718446602,0.07246376811594203,69,0.0006
MagicPlan,door,bathroom,other,0.0860836352952698,0.3039967702866371,2477,0.0898
MagicPlan,door,other,bathroom,0.12261960055736182,0.3039967702866371,2477,0.0898
MagicPlan,door,balcony,balcony,0.016256386437529028,0.0625,272,0.0018
MagicPlan,door,balcony,hallway,0.13283790060380865,0.19314205738278517,1429,0.029
MagicPlan,door,hallway,balcony,0.030740821203562894,0.19314205738278517,1429,0.029
MagicPlan,door,balcony,dining_room,0.06084533209475151,0.4830188679245283,265,0.0134
MagicPlan,door,dining_room,balcony,0.08669755129053607,0.4830188679245283,265,0.0134
MagicPlan,door,balcony,study,0.01764979098931723,0.29133858267716534,127,0.004
MagicPlan,door,study,balcony,0.02663115845539281,0.29133858267716534,127,0.004
MagicPlan,door,balcony,storage,0.0023223409196470044,0.1388888888888889,36,0.0005
MagicPlan,door,storage,balcony,0.005543237250554324,0.1388888888888889,36,0.0005
MagicPlan,door,balcony,garage,0.006502554575011612,0.25,56,0.0014
MagicPlan,door,garage,balcony,0.020086083213773313,0.25,56,0.0014
MagicPlan,door,balcony,laundry,0.011611704598235021,0.1773049645390071,141,0.0025
MagicPlan,door,laundry,balcony,0.022789425706472195,0.1773049645390071,141,0.0025
MagicPlan,door,balcony,closet,0.004644681839294009,0.0390625,256,0.001
MagicPlan,door,closet,balcony,0.002927400468384075,0.0390625,256,0.001
MagicPlan,door,balcony,outdoor,0.0,0.0,6,0.0
MagicPlan,door,outdoor,balcony,0.0,0.0,6,0.0
MagicPlan,door,balcony,other,0.04366000928936368,0.18127490039840638,502,0.0099
MagicPlan,door,other,balcony,0.014862981885740827,0.18127490039840638,502,0.0099
MagicPlan,door,hallway,hallway,0.3125135781012383,0.6787221217600965,1659,0.1778
MagicPlan,door,hallway,dining_room,0.07603736693460786,0.6589537223340041,994,0.0711
MagicPlan,door,dining_room,hallway,0.44209133024487096,0.6589537223340041,994,0.0711
MagicPlan,door,hallway,study,0.05431240495329133,0.74079754601227,652,0.0594
MagicPlan,door,study,hallway,0.38881491344873503,0.74079754601227,652,0.0594
MagicPlan,door,hallway,storage,0.025418205518140342,0.6151761517615176,369,0.0268
MagicPlan,door,storage,hallway,0.29379157427937913,0.6151761517615176,369,0.0268
MagicPlan,door,hallway,garage,0.025635455137953508,0.5057736720554272,433,0.0239
MagicPlan,door,garage,hallway,0.321377331420373,0.5057736720554272,433,0.0239
MagicPlan,door,hallway,laundry,0.03780143384749077,0.4956140350877193,684,0.035
MagicPlan,door,laundry,hallway,0.3108477666362808,0.4956140350877193,684,0.035
MagicPlan,door,hallway,closet,0.08342385400825549,0.5259831460674157,1424,0.0863
MagicPlan,door,closet,hallway,0.251463700234192,0.5259831460674157,1424,0.0863
MagicPlan,door,hallway,outdoor,0.00162937214859874,0.2727272727272727,55,0.0016
MagicPlan,door,outdoor,hallway,0.1553398058252427,0.2727272727272727,55,0.0016
MagicPlan,door,hallway,other,0.16380621333912665,0.7047381546134663,2005,0.1964
MagicPlan,door,other,hallway,0.29493729679516956,0.7047381546134663,2005,0.1964
MagicPlan,door,dining_room,dining_room,0.07412309728656519,0.5584415584415584,77,0.0067
MagicPlan,door,dining_room,study,0.017207147584381206,0.18181818181818182,143,0.0026
MagicPlan,door,study,dining_room,0.017310252996005325,0.18181818181818182,143,0.0026
MagicPlan,door,dining_room,storage,0.001985440105890139,0.075,40,0.0003
MagicPlan,door,storage,dining_room,0.0033259423503325942,0.075,40,0.0003
MagicPlan,door,dining_room,garage,0.01455989410986102,0.1301775147928994,169,0.0022
MagicPlan,door,garage,dining_room,0.03156384505021521,0.1301775147928994,169,0.0022
MagicPlan,door,dining_room,laundry,0.024487094639311716,0.16363636363636364,220,0.0037
MagicPlan,door,laundry,dining_room,0.032816773017319965,0.16363636363636364,220,0.0037
MagicPlan,door,dining_room,closet,0.0357379219060225,0.18021201413427562,283,0.0059
MagicPlan,door,closet,dining_room,0.01639344262295082,0.18021201413427562,283,0.0059
MagicPlan,door,dining_room,outdoor,0.005294506949040371,0.36363636363636365,22,0.0008
MagicPlan,door,outdoor,dining_room,0.07766990291262135,0.36363636363636365,22,0.0008
MagicPlan,door,dining_room,other,0.099933818663137,0.3394495412844037,436,0.0166
MagicPlan,door,other,dining_room,0.025236104660164113,0.3394495412844037,436,0.0166
MagicPlan,door,study,study,0.22902796271637815,0.48214285714285715,224,0.0235
MagicPlan,door,study,storage,0.03195739014647137,0.3464566929133858,127,0.0051
MagicPlan,door,storage,study,0.05321507760532151,0.3464566929133858,127,0.0051
MagicPlan,door,study,garage,0.007323568575233023,0.11904761904761904,84,0.0011
MagicPlan,door,garage,study,0.014347202295552367,0.11904761904761904,84,0.0011
MagicPlan,door,study,laundry,0.007989347536617843,0.11009174311926606,109,0.0012
MagicPlan,door,laundry,study,0.010938924339106655,0.11009174311926606,109,0.0012
MagicPlan,door,study,closet,0.03661784287616511,0.2708333333333333,192,0.006
MagicPlan,door,closet,study,0.01727166276346604,0.2708333333333333,192,0.006
MagicPlan,door,study,outdoor,0.0006657789613848203,0.14285714285714285,7,0.0001
MagicPlan,door,outdoor,study,0.009708737864077669,0.14285714285714285,7,0.0001
MagicPlan,door,study,other,0.20905459387483355,0.4610526315789474,475,0.0349
MagicPlan,door,other,study,0.041182845641740205,0.4610526315789474,475,0.0349
MagicPlan,door,storage,storage,0.20620842572062084,0.583941605839416,137,0.0106
MagicPlan,door,storage,garage,0.045454545454545456,0.43373493975903615,83,0.0041
MagicPlan,door,garage,storage,0.054519368723098996,0.43373493975903615,83,0.0041
MagicPlan,door,storage,laundry,0.043237250554323724,0.3162393162393162,117,0.0039
MagicPlan,door,laundry,storage,0.03372835004557885,0.3162393162393162,117,0.0039
MagicPlan,door,storage,closet,0.022172949002217297,0.1297709923664122,131,0.0022
MagicPlan,door,closet,storage,0.0055620608899297425,0.1297709923664122,131,0.0022
MagicPlan,door,storage,outdoor,0.0011086474501108647,1.0,1,0.0001
MagicPlan,door,outdoor,storage,0.009708737864077669,1.0,1,0.0001
MagicPlan,door,storage,other,0.2804878048780488,0.5174013921113689,431,0.0265
MagicPlan,door,other,storage,0.037931568354234405,0.5174013921113689,431,0.0265
MagicPlan,door,garage,garage,0.10186513629842181,0.5555555555555556,54,0.004
MagicPlan,door,garage,laundry,0.08608321377331421,0.3488372093023256,172,0.0061
MagicPlan,door,laundry,garage,0.05560619872379216,0.3488372093023256,172,0.0061
MagicPlan,door,garage,closet,0.02582496413199426,0.1258741258741259,143,0.0019
MagicPlan,door,closet,garage,0.0055620608899297425,0.1258741258741259,143,0.0019
MagicPlan,door,garage,outdoor,0.010043041606886656,0.4375,16,0.0008
MagicPlan,door,outdoor,garage,0.07766990291262135,0.4375,16,0.0008
MagicPlan,door,garage,other,0.18077474892395984,0.4375,272,0.014
MagicPlan,door,other,garage,0.020746245548846572,0.4375,272,0.014
MagicPlan,door,laundry,laundry,0.04649042844120328,0.6071428571428571,28,0.003
MagicPlan,door,laundry,closet,0.03372835004557885,0.14015151515151514,264,0.0041
MagicPlan,door,closet,laundry,0.012002341920374707,0.14015151515151514,264,0.0041
MagicPlan,door,laundry,outdoor,0.006381039197812215,0.5,14,0.0007
MagicPlan,door,outdoor,laundry,0.06796116504854369,0.5,14,0.0007
MagicPlan,door,laundry,other,0.12215132178669097,0.35792349726775957,366,0.0151
MagicPlan,door,other,laundry,0.023068586468493576,0.35792349726775957,366,0.0151
MagicPlan,door,closet,closet,0.03776346604215457,0.06979542719614922,831,0.0072
MagicPlan,door,closet,outdoor,0.0008782201405152225,0.11764705882352941,17,0.0003
MagicPlan,door,outdoor,closet,0.019417475728155338,0.11764705882352941,17,0.0003
MagicPlan,door,closet,other,0.062353629976580796,0.2721518987341772,632,0.0218
MagicPlan,door,other,closet,0.028797027403622853,0.2721518987341772,632,0.0218
MagicPlan,door,outdoor,outdoor,0.05825242718446602,0.2727272727272727,11,0.0003
MagicPlan,door,outdoor,other,0.11650485436893204,0.5217391304347826,23,0.0013
MagicPlan,door,other,outdoor,0.0020126954636940702,0.5217391304347826,23,0.0013
MagicPlan,door,other,other,0.40780306549001394,0.5695501730103806,1445,0.1835
MSD,wall,living_room,living_room,0.406537666729288,0.4570780693229673,3087,0.5689944804415646
MSD,wall,living_room,kitchen,0.8003005823783581,0.8335347432024169,3310,2.2215022798176145
MSD,wall,kitchen,living_room,0.5966339410939692,0.8335347432024169,3310,2.2215022798176145
MSD,wall,living_room,bedroom,0.7262821717076836,0.8517156862745098,3264,2.657547396208303
MSD,wall,bedroom,living_room,0.29447492737889147,0.8517156862745098,3264,2.657547396208303
MSD,wall,living_room,bathroom,0.4783956415555138,0.6408089345004527,3313,1.5262778977681786
MSD,wall,bathroom,living_room,0.2691523319737542,0.6408089345004527,3313,1.5262778977681786
MSD,wall,living_room,balcony,0.8394702235581439,0.9383473208521627,3098,2.355411567074634
MSD,wall,balcony,living_room,0.6013030148185999,0.9383473208521627,3098,2.355411567074634
MSD,wall,living_room,hallway,0.946458763854969,0.988456865127582,3292,3.1199904007679384
MSD,wall,hallway,living_room,0.5928901874847821,0.988456865127582,3292,3.1199904007679384
MSD,wall,living_room,dining_room,0.02085290249859102,0.7361111111111112,144,0.05591552675785937
MSD,wall,dining_room,living_room,0.4551569506726457,0.7361111111111112,144,0.05591552675785937
MSD,wall,living_room,storage,0.1229569791470975,0.44611365120836055,1531,0.3446124310055196
MSD,wall,storage,living_room,0.23293240725055056,0.44611365120836055,1531,0.3446124310055196
MSD,wall,living_room,other,0.19171519819650573,0.36160714285714285,2912,0.5341972642188625
MSD,wall,other,living_room,0.20358326174990796,0.36160714285714285,2912,0.5341972642188625
MSD,wall,kitchen,kitchen,0.23863955119214586,0.2762487257900102,3924,0.4113270938324934
MSD,wall,kitchen,bedroom,0.49719495091164095,0.6625155666251556,4015,1.9808015358771298
MSD,wall,bedroom,kitchen,0.23074440303981691,0.6625155666251556,4015,1.9808015358771298
MSD,wall,kitchen,bathroom,0.5647966339410939,0.7303149606299213,4064,2.1262299016078714
MSD,wall,bathroom,kitchen,0.3828249689661287,0.7303149606299213,4064,2.1262299016078714
MSD,wall,kitchen,balcony,0.2838709677419355,0.43566470902295784,3746,0.9961603071754259
MSD,wall,balcony,kitchen,0.2586228921819111,0.43566470902295784,3746,0.9961603071754259
MSD,wall,kitchen,hallway,0.7475455820476858,0.865179677819083,4035,3.060715142788577
MSD,wall,hallway,kitchen,0.5687850012174337,0.865179677819083,4035,3.060715142788577
MSD,wall,kitchen,dining_room,0.025596072931276297,0.7967914438502673,187,0.08783297336213103
MSD,wall,dining_room,kitchen,0.8161434977578476,0.7967914438502673,187,0.08783297336213103
MSD,wall,kitchen,storage,0.07454417952314166,0.332955832389581,1766,0.27669786417086634
MSD,wall,storage,kitchen,0.18787057428426224,0.332955832389581,1766,0.27669786417086634
MSD,wall,kitchen,other,0.15596072931276297,0.31644470179502027,3454,0.5567554595632349
MSD,wall,other,kitchen,0.20358326174990796,0.31644470179502027,3454,0.5567554595632349
MSD,wall,bedroom,bedroom,0.8181097972477334,0.937882122768403,4089,4.760499160067194
MSD,wall,bedroom,bathroom,0.4079692497285878,0.8496588693957114,4104,3.664026877849772
MSD,wall,bathroom,bedroom,0.5627327540344033,0.8496588693957114,4104,3.664026877849772
MSD,wall,bedroom,balcony,0.3167160588010915,0.7204587890104027,3749,2.7333813294936404
MSD,wall,balcony,bedroom,0.5199923352069494,0.7204587890104027,3749,2.7333813294936404
MSD,wall,bedroom,hallway,0.9023796250110032,0.9899657366617719,4086,8.564914806815455
MSD,wall,hallway,bedroom,0.7949354760165571,0.9899657366617719,4086,8.564914806815455
MSD,wall,bedroom,dining_room,0.008802558610369413,0.6086956521739131,184,0.07463402927765779
MSD,wall,dining_room,bedroom,0.5448430493273543,0.6086956521739131,184,0.07463402927765779
MSD,wall,bedroom,storage,0.0831548370059564,0.6763555058692007,1789,0.7321814254859611
MSD,wall,storage,bedroom,0.4472302219210571,0.6763555058692007,1789,0.7321814254859611
MSD,wall,bedroom,other,0.14392183327953992,0.5780396665708537,3479,1.2656587473002159
MSD,wall,other,bedroom,0.4218922567186158,0.5780396665708537,3479,1.2656587473002159
MSD,wall,bathroom,bathroom,0.4667494236566767,0.5892857142857143,4144,1.4384449244060475
MSD,wall,bathroom,balcony,0.03125554176272389,0.0945089757127772,3788,0.16942644588432926
MSD,wall,balcony,bathroom,0.039473684210526314,0.0945089757127772,3788,0.16942644588432926
MSD,wall,bathroom,hallway,0.9194892711473666,0.9932088285229203,4123,5.9853611711063115
MSD,wall,hallway,bathroom,0.8119795471146822,0.9932088285229203,4123,5.9853611711063115
MSD,wall,bathroom,dining_room,0.004211739670154283,0.25806451612903225,186,0.022798176145908327
MSD,wall,dining_room,bathroom,0.19506726457399104,0.25806451612903225,186,0.022798176145908327
MSD,wall,bathroom,storage,0.1028107820535556,0.5458057395143487,1812,0.5951523878089753
MSD,wall,storage,bathroom,0.3715060138912417,0.5458057395143487,1812,0.5951523878089753
MSD,wall,bathroom,other,0.15246497605958503,0.45997712978845057,3498,0.8658507319414447
MSD,wall,other,bathroom,0.298686955454657,0.45997712978845057,3498,0.8658507319414447
MSD,wall,balcony,balcony,0.37033725089422587,0.4198203103729921,3673,0.8552915766738661
MSD,wall,balcony,hallway,0.03877107818088912,0.08806366047745358,3770,0.15910727141828654
MSD,wall,hallway,balcony,0.029072315558802044,0.08806366047745358,3770,0.15910727141828654
MSD,wall,balcony,dining_room,0.011688809402146142,0.5670731707317073,164,0.04679625629949604
MSD,wall,dining_room,balcony,0.4147982062780269,0.5670731707317073,164,0.04679625629949604
MSD,wall,balcony,storage,0.022164026571282577,0.10784313725490197,1632,0.09359251259899208
MSD,wall,storage,balcony,0.05929188548195832,0.10784313725490197,1632,0.09359251259899208
MSD,wall,balcony,other,0.0363438937148697,0.0885997521685254,3228,0.14614830813534918
MSD,wall,other,balcony,0.05681678733586943,0.0885997521685254,3228,0.14614830813534918
MSD,wall,hallway,hallway,0.6627708789870952,0.6947781318950723,4079,2.5339572834173265
MSD,wall,hallway,dining_room,0.017579741904066228,0.7150537634408602,186,0.08903287736981041
MSD,wall,dining_room,hallway,0.6816143497757847,0.7150537634408602,186,0.08903287736981041
MSD,wall,hallway,storage,0.224299975651327,0.8938640132669984,1809,1.4214062874970002
MSD,wall,storage,hallway,0.8017956971031679,0.8938640132669984,1809,1.4214062874970002
MSD,wall,hallway,other,0.496518139761383,0.9864981327204826,3481,2.876889848812095
MSD,wall,other,hallway,0.797521168241502,0.9864981327204826,3481,2.876889848812095
MSD,wall,dining_room,dining_room,0.13004484304932734,0.2032520325203252,123,0.0069594432445404366
MSD,wall,dining_room,storage,0.10538116591928251,0.3146067415730337,89,0.013678905687544997
MSD,wall,storage,dining_room,0.009656107064204642,0.3146067415730337,89,0.013678905687544997
MSD,wall,dining_room,other,0.21973094170403587,0.21818181818181817,165,0.026157907367410606
MSD,wall,other,dining_room,0.009203583261749908,0.21818181818181817,165,0.026157907367410606
MSD,wall,storage,storage,0.3669320684397764,0.41520912547528516,1315,0.33117350611951046
MSD,wall,storage,other,0.2764695917330171,0.5316217908578584,1597,0.4470842332613391
MSD,wall,other,storage,0.1716775064425083,0.5316217908578584,1597,0.4470842332613391
MSD,wall,other,other,0.5322125414161247,0.6456762749445676,2255,0.5749940004799616
LIFULL,wall,living_room,living_room,0.14246196403872752,0.9181818181818182,110,0.0105
LIFULL,wall,living_room,kitchen,0.22959889349930843,0.9101123595505618,356,0.0361
LIFULL,wall,kitchen,living_room,0.032765642354683454,0.9101123595505618,356,0.0361
LIFULL,wall,living_room,bedroom,0.739972337482711,0.8640939597315436,1192,0.1597
LIFULL,wall,bedroom,living_room,0.11075589656152315,0.8640939597315436,1192,0.1597
LIFULL,wall,living_room,bathroom,0.7330567081604425,0.7866043613707165,1284,0.1842
LIFULL,wall,bathroom,living_room,0.07441144663505532,0.7866043613707165,1284,0.1842
LIFULL,wall,living_room,balcony,0.6376210235131397,0.8365650969529086,1083,0.0948
LIFULL,wall,balcony,living_room,0.11048158640226628,0.8365650969529086,1083,0.0948
LIFULL,wall,living_room,hallway,0.6182572614107884,0.9045643153526971,964,0.0948
LIFULL,wall,hallway,living_room,0.1693799158587891,0.9045643153526971,964,0.0948
LIFULL,wall,living_room,dining_room,0.0006915629322268327,0.3333333333333333,3,0.0001
LIFULL,wall,dining_room,living_room,0.14285714285714285,0.3333333333333333,3,0.0001
LIFULL,wall,living_room,closet,0.607192254495159,0.707641196013289,1204,0.1299
LIFULL,wall,closet,living_room,0.0737134909596662,0.707641196013289,1204,0.1299
LIFULL,wall,living_room,other,0.0,0.0,2,0.0
LIFULL,wall,other,living_room,0.0,0.0,2,0.0
LIFULL,wall,kitchen,kitchen,0.405312847093669,0.9147982062780269,2230,0.244
LIFULL,wall,kitchen,bedroom,0.6870603480192521,0.9466743119266054,6976,1.0141
LIFULL,wall,bedroom,kitchen,0.6707871554418869,0.9466743119266054,6976,1.0141
LIFULL,wall,kitchen,bathroom,0.8327471306923362,0.9461781427668983,7915,1.6551
LIFULL,wall,bathroom,kitchen,0.6239913484735047,0.9461781427668983,7915,1.6551
LIFULL,wall,kitchen,balcony,0.24759348389485375,0.4131485659039639,6206,0.2773
LIFULL,wall,balcony,kitchen,0.31728045325779036,0.4131485659039639,6206,0.2773
LIFULL,wall,kitchen,hallway,0.28619029988893,0.9173177083333334,3072,0.3242
LIFULL,wall,hallway,kitchen,0.5441741357234315,0.9173177083333334,3072,0.3242
LIFULL,wall,kitchen,dining_room,0.0002776749352091818,1.0,3,0.0003
LIFULL,wall,dining_room,kitchen,0.42857142857142855,1.0,3,0.0003
LIFULL,wall,kitchen,closet,0.6216216216216216,0.8232538917206227,7259,0.9432
LIFULL,wall,closet,kitchen,0.5118219749652295,0.8232538917206227,7259,0.9432
LIFULL,wall,kitchen,other,0.0006479081821547575,0.3333333333333333,15,0.0007
LIFULL,wall,other,kitchen,0.11627906976744186,0.3333333333333333,15,0.0007
LIFULL,wall,bedroom,bedroom,0.37958226768968456,0.5943419434194342,4065,0.297
LIFULL,wall,bedroom,bathroom,0.34690252912759306,0.5133398011156924,8246,0.6124
LIFULL,wall,bathroom,bedroom,0.23970551534814075,0.5133398011156924,8246,0.6124
LIFULL,wall,bedroom,balcony,0.5236572890025576,0.8790431773732511,6647,0.7525
LIFULL,wall,balcony,bedroom,0.7371340887629839,0.8790431773732511,6647,0.7525
LIFULL,wall,bedroom,hallway,0.2844558113100313,0.6847034339229969,3844,0.4273
LIFULL,wall,hallway,bedroom,0.5392354124748491,0.6847034339229969,3844,0.4273
LIFULL,wall,bedroom,dining_room,0.00014208581983518045,0.3333333333333333,6,0.0002
LIFULL,wall,dining_room,bedroom,0.2857142857142857,0.3333333333333333,6,0.0002
LIFULL,wall,bedroom,closet,0.7649900539926116,0.9621251292657704,7736,1.4944
LIFULL,wall,closet,bedroom,0.7335999072786277,0.9621251292657704,7736,1.4944
LIFULL,wall,bedroom,other,0.0003552145495879511,0.3,10,0.0005
LIFULL,wall,other,bedroom,0.06976744186046512,0.3,10,0.0005
LIFULL,wall,bathroom,bathroom,0.8082106313950587,0.9095056096658858,8111,1.3629
LIFULL,wall,bathroom,balcony,0.03398219782048083,0.0919905934430765,7229,0.0831
LIFULL,wall,balcony,bathroom,0.08097261567516525,0.0919905934430765,7229,0.0831
LIFULL,wall,bathroom,hallway,0.33133682721903335,0.8900360144057623,4165,0.8542
LIFULL,wall,hallway,bathroom,0.7761112127309311,0.8900360144057623,4165,0.8542
LIFULL,wall,bathroom,dining_room,0.0002495632642874969,0.5714285714285714,7,0.0006
LIFULL,wall,dining_room,bathroom,0.5714285714285714,0.5714285714285714,7,0.0006
LIFULL,wall,bathroom,closet,0.3578321271108893,0.6834176768271154,8497,0.9789
LIFULL,wall,closet,bathroom,0.4495248029670839,0.6834176768271154,8497,0.9789
LIFULL,wall,bathroom,other,0.0002079693869062474,0.17647058823529413,17,0.0005
LIFULL,wall,other,bathroom,0.06976744186046512,0.17647058823529413,17,0.0005
LIFULL,wall,balcony,balcony,0.02927289896128423,0.1271186440677966,944,0.0127
LIFULL,wall,balcony,hallway,0.049811142587346556,0.11919368974583698,3423,0.0434
LIFULL,wall,hallway,balcony,0.07792207792207792,0.11919368974583698,3423,0.0434
LIFULL,wall,balcony,dining_room,0.0003541076487252125,0.5,6,0.0003
LIFULL,wall,dining_room,balcony,0.42857142857142855,0.5,6,0.0003
LIFULL,wall,balcony,closet,0.12854107648725213,0.15497119219973407,6769,0.1154
LIFULL,wall,closet,balcony,0.06606397774687066,0.15497119219973407,6769,0.1154
LIFULL,wall,balcony,other,0.00023607176581680832,0.125,16,0.0002
LIFULL,wall,other,balcony,0.046511627906976744,0.125,16,0.0002
LIFULL,wall,hallway,hallway,0.24108286080117067,0.615,1000,0.0718
LIFULL,wall,hallway,dining_room,0.0003658313517468447,1.0,2,0.0002
LIFULL,wall,dining_room,hallway,0.2857142857142857,1.0,2,0.0002
LIFULL,wall,hallway,closet,0.5085055789281141,0.6513644478449375,3921,0.3926
LIFULL,wall,closet,hallway,0.21766342141863698,0.6513644478449375,3921,0.3926
LIFULL,wall,hallway,other,0.0012804097311139564,0.5384615384615384,13,0.0008
LIFULL,wall,other,hallway,0.18604651162790697,0.5384615384615384,13,0.0008
LIFULL,wall,dining_room,dining_room,0.0,,0,0.0
LIFULL,wall,dining_room,closet,0.2857142857142857,0.4,5,0.0002
LIFULL,wall,closet,dining_room,0.0001159017153453871,0.4,5,0.0002
LIFULL,wall,dining_room,other,0.0,,0,0.0
LIFULL,wall,other,dining_room,0.0,,0,0.0
LIFULL,wall,closet,closet,0.3722763096893834,0.5188167009923236,5341,0.3648
LIFULL,wall,closet,other,0.00017385257301808066,0.23076923076923078,13,0.0003
LIFULL,wall,other,closet,0.06976744186046512,0.23076923076923078,13,0.0003
LIFULL,wall,other,other,0.23255813953488372,0.6666666666666666,6,0.0006
LIFULL,door,living_room,living_room,0.03803596127247579,0.24545454545454545,110,0.0028
LIFULL,door,living_room,kitchen,0.12932226832641772,0.5196629213483146,356,0.0197
LIFULL,door,kitchen,living_room,0.01814142910033321,0.5196629213483146,356,0.0197
LIFULL,door,living_room,bedroom,0.6230982019363762,0.7424496644295302,1192,0.1122
LIFULL,door,bedroom,living_room,0.07892867291844274,0.7424496644295302,1192,0.1122
LIFULL,door,living_room,bathroom,0.3941908713692946,0.440809968847352,1284,0.0753
LIFULL,door,bathroom,living_room,0.03123700191331836,0.440809968847352,1284,0.0753
LIFULL,door,living_room,balcony,0.6002766251728907,0.7959372114496768,1083,0.0871
LIFULL,door,balcony,living_room,0.10269121813031161,0.7959372114496768,1083,0.0871
LIFULL,door,living_room,hallway,0.5186721991701245,0.7759336099585062,964,0.0764
LIFULL,door,hallway,living_room,0.13938174501554784,0.7759336099585062,964,0.0764
LIFULL,door,living_room,dining_room,0.0006915629322268327,0.3333333333333333,3,0.0001
LIFULL,door,dining_room,living_room,0.14285714285714285,0.3333333333333333,3,0.0001
LIFULL,door,living_room,closet,0.2572614107883817,0.30398671096345514,1204,0.0412
LIFULL,door,closet,living_room,0.023759851645804356,0.30398671096345514,1204,0.0412
LIFULL,door,living_room,other,0.0,0.0,2,0.0
LIFULL,door,other,living_room,0.0,0.0,2,0.0
LIFULL,door,kitchen,kitchen,0.19002221399481672,0.4443946188340807,2230,0.1067
LIFULL,door,kitchen,bedroom,0.6031099592743429,0.8768635321100917,6976,0.793
LIFULL,door,bedroom,kitchen,0.5512929809605002,0.8768635321100917,6976,0.793
LIFULL,door,kitchen,bathroom,0.5984820436875231,0.7599494630448516,7915,0.9466
LIFULL,door,bathroom,kitchen,0.38694784127776394,0.7599494630448516,7915,0.9466
LIFULL,door,kitchen,balcony,0.2060348019252129,0.3549790525298099,6206,0.2262
LIFULL,door,balcony,kitchen,0.2652266288951841,0.3549790525298099,6206,0.2262
LIFULL,door,kitchen,hallway,0.21714179933358016,0.7438151041666666,3072,0.2373
LIFULL,door,hallway,kitchen,0.42436436802633987,0.7438151041666666,3072,0.2373
LIFULL,door,kitchen,dining_room,0.00018511662347278786,0.6666666666666666,3,0.0002
LIFULL,door,dining_room,kitchen,0.2857142857142857,0.6666666666666666,3,0.0002
LIFULL,door,kitchen,closet,0.2470381340244354,0.3559718969555035,7259,0.2994
LIFULL,door,closet,kitchen,0.17228789986091794,0.3559718969555035,7259,0.2994
LIFULL,door,kitchen,other,0.00018511662347278786,0.13333333333333333,15,0.0002
LIFULL,door,other,kitchen,0.046511627906976744,0.13333333333333333,15,0.0002
LIFULL,door,bedroom,bedroom,0.23550724637681159,0.3832718327183272,4065,0.1739
LIFULL,door,bedroom,bathroom,0.11068485365160557,0.1758428328886733,8246,0.1669
LIFULL,door,bathroom,bedroom,0.0678396140088179,0.1758428328886733,8246,0.1669
LIFULL,door,bedroom,balcony,0.4513356067064507,0.7872724537385286,6647,0.6399
LIFULL,door,balcony,bedroom,0.6487252124645893,0.7872724537385286,6647,0.6399
LIFULL,door,bedroom,hallway,0.1825092355782893,0.5028616024973985,3844,0.261
LIFULL,door,hallway,bedroom,0.37040424364368024,0.5028616024973985,3844,0.261
LIFULL,door,bedroom,dining_room,7.104290991759022e-05,0.16666666666666666,6,0.0001
LIFULL,door,dining_room,bedroom,0.14285714285714285,0.16666666666666666,6,0.0001
LIFULL,door,bedroom,closet,0.6949417448138676,0.922182006204757,7736,1.1159
LIFULL,door,closet,bedroom,0.6395456652758461,0.922182006204757,7736,1.1159
LIFULL,door,bedroom,other,7.104290991759022e-05,0.1,10,0.0001
LIFULL,door,other,bedroom,0.023255813953488372,0.1,10,0.0001
LIFULL,door,bathroom,bathroom,0.5611429997504367,0.7047219824929108,8111,0.7653
LIFULL,door,bathroom,balcony,0.006530238748856169,0.02033476276110112,7229,0.0158
LIFULL,door,balcony,bathroom,0.017469310670443813,0.02033476276110112,7229,0.0158
LIFULL,door,bathroom,hallway,0.20509940936694118,0.7459783913565426,4165,0.4999
LIFULL,door,hallway,bathroom,0.5913663800987745,0.7459783913565426,4165,0.4999
LIFULL,door,bathroom,dining_room,8.318775476249896e-05,0.14285714285714285,7,0.0002
LIFULL,door,dining_room,bathroom,0.14285714285714285,0.14285714285714285,7,0.0002
LIFULL,door,bathroom,closet,0.06788120788619915,0.1837118983170531,8497,0.1641
LIFULL,door,closet,bathroom,0.09434399629114511,0.1837118983170531,8497,0.1641
LIFULL,door,bathroom,other,4.159387738124948e-05,0.058823529411764705,17,0.0001
LIFULL,door,other,bathroom,0.023255813953488372,0.058823529411764705,17,0.0001
LIFULL,door,balcony,balcony,0.004957507082152974,0.022245762711864406,944,0.0021
LIFULL,door,balcony,hallway,0.022898961284230405,0.05550686532281624,3423,0.0194
LIFULL,door,hallway,balcony,0.03493689409182367,0.05550686532281624,3423,0.0194
LIFULL,door,balcony,dining_room,0.00023607176581680832,0.3333333333333333,6,0.0002
LIFULL,door,dining_room,balcony,0.2857142857142857,0.3333333333333333,6,0.0002
LIFULL,door,balcony,closet,0.006728045325779037,0.008420741616191461,6769,0.006
LIFULL,door,closet,balcony,0.0034770514603616135,0.008420741616191461,6769,0.006
LIFULL,door,balcony,other,0.0,0.0,16,0.0
LIFULL,door,other,balcony,0.0,0.0,16,0.0
LIFULL,door,hallway,hallway,0.08578745198463508,0.226,1000,0.0242
LIFULL,door,hallway,dining_room,0.0,0.0,2,0.0
LIFULL,door,dining_room,hallway,0.0,0.0,2,0.0
LIFULL,door,hallway,closet,0.18364733857691604,0.25070135169599594,3921,0.1091
LIFULL,door,closet,hallway,0.06310848400556328,0.25070135169599594,3921,0.1091
LIFULL,door,hallway,other,0.0003658313517468447,0.15384615384615385,13,0.0002
LIFULL,door,other,hallway,0.046511627906976744,0.15384615384615385,13,0.0002
LIFULL,door,dining_room,dining_room,0.0,,0,0.0
LIFULL,door,dining_room,closet,0.14285714285714285,0.2,5,0.0001
LIFULL,door,closet,dining_room,5.795085767269355e-05,0.2,5,0.0001
LIFULL,door,dining_room,other,0.0,,0,0.0
LIFULL,door,other,dining_room,0.0,,0,0.0
LIFULL,door,closet,closet,0.0042304126101066295,0.00655307994757536,5341,0.0038
LIFULL,door,closet,other,0.0,0.0,13,0.0
LIFULL,door,other,closet,0.0,0.0,13,0.0
LIFULL,door,other,other,0.13953488372093023,0.5,6,0.0003
ProcTHOR-10K,wall,living_room,living_room,0.23496027241770714,0.8640776699029126,103,0.133
ProcTHOR-10K,wall,living_room,kitchen,0.9080590238365494,0.9971264367816092,696,0.8
ProcTHOR-10K,wall,kitchen,living_room,0.9241011984021305,0.9971264367816092,696,0.8
ProcTHOR-10K,wall,living_room,bedroom,0.6912599318955732,0.9151712887438825,613,0.763
ProcTHOR-10K,wall,bedroom,living_room,0.593698175787728,0.9151712887438825,613,0.763
ProcTHOR-10K,wall,living_room,bathroom,0.4426787741203178,0.6259398496240601,532,0.434
ProcTHOR-10K,wall,bathroom,living_room,0.42312008978675647,0.6259398496240601,532,0.434
ProcTHOR-10K,wall,kitchen,kitchen,0.0,,0,0.0
ProcTHOR-10K,wall,kitchen,bedroom,0.7443408788282291,0.9119086460032626,613,0.689
ProcTHOR-10K,wall,bedroom,kitchen,0.5713101160862355,0.9119086460032626,613,0.689
ProcTHOR-10K,wall,kitchen,bathroom,0.525965379494008,0.7424812030075187,532,0.426
ProcTHOR-10K,wall,bathroom,kitchen,0.4781144781144781,0.7424812030075187,532,0.426
ProcTHOR-10K,wall,bedroom,bedroom,0.48756218905472637,0.8218181818181818,275,0.382
ProcTHOR-10K,wall,bedroom,bathroom,0.7446102819237148,0.956661316211878,623,1.209
ProcTHOR-10K,wall,bathroom,bedroom,0.9068462401795735,0.956661316211878,623,1.209
ProcTHOR-10K,wall,bathroom,bathroom,0.19640852974186307,0.553030303030303,132,0.108
ProcTHOR-10K,door,living_room,living_room,0.10669693530079455,0.4174757281553398,103,0.051
ProcTHOR-10K,door,living_room,kitchen,0.5187287173666288,0.6206896551724138,696,0.457
ProcTHOR-10K,door,kitchen,living_room,0.5752330226364847,0.6206896551724138,696,0.457
ProcTHOR-10K,door,living_room,bedroom,0.3496027241770715,0.4926590538336052,613,0.321
ProcTHOR-10K,door,bedroom,living_room,0.26616915422885573,0.4926590538336052,613,0.321
ProcTHOR-10K,door,living_room,bathroom,0.11691259931895573,0.19172932330827067,532,0.103
ProcTHOR-10K,door,bathroom,living_room,0.11560044893378227,0.19172932330827067,532,0.103
ProcTHOR-10K,door,kitchen,kitchen,0.0,,0,0.0
ProcTHOR-10K,door,kitchen,bedroom,0.4647137150466045,0.5693311582381729,613,0.377
ProcTHOR-10K,door,bedroom,kitchen,0.31260364842454397,0.5693311582381729,613,0.377
ProcTHOR-10K,door,kitchen,bathroom,0.047936085219707054,0.06766917293233082,532,0.036
ProcTHOR-10K,door,bathroom,kitchen,0.04040404040404041,0.06766917293233082,532,0.036
ProcTHOR-10K,door,bedroom,bedroom,0.433665008291874,0.7454545454545455,275,0.318
ProcTHOR-10K,door,bedroom,bathroom,0.6119402985074627,0.8523274478330658,623,0.748
ProcTHOR-10K,door,bathroom,bedroom,0.8226711560044894,0.8523274478330658,623,0.748
ProcTHOR-10K,door,bathroom,bathroom,0.004489337822671156,0.015151515151515152,132,0.002
